etiket,x0,y0,z0,x1,y1,z1,x2,y2,z2,x3,y3,z3,x4,y4,z4,x5,y5,z5,x6,y6,z6,x7,y7,z7,x8,y8,z8,x9,y9,z9,x10,y10,z10,x11,y11,z11,x12,y12,z12,x13,y13,z13,x14,y14,z14,x15,y15,z15,x16,y16,z16,x17,y17,z17,x18,y18,z18,x19,y19,z19,x20,y20,z20
1,0.0,0.0,0.0,-0.12484603049932905,-0.027704327960682347,-0.06484675939187548,-0.2566087653961712,-0.21989818944933281,-0.09161830180999794,-0.281466224182937,-0.44257358595569835,-0.12122392168582677,-0.1927927477472342,-0.5573249278848615,-0.15001394093629636,-0.2508707984023716,-0.45405991727417583,-0.01726485174864616,-0.2957433590680571,-0.6835950727966293,-0.061437974468593975,-0.313447054313287,-0.8198894043772621,-0.084408022776679,-0.32614003586991247,-0.9397434763733017,-0.10254206754593058,-0.1516277153137745,-0.4736499282791142,-0.020842752007955646,-0.17208270426830996,-0.6072267974655297,-0.12901984037829328,-0.14274999433316654,-0.4221192368369093,-0.14997900990351906,-0.11948804595939311,-0.27126660255036966,-0.12844084901244762,-0.055981468873284645,-0.4704333940027438,-0.03419455318753829,-0.07506928879680645,-0.5733656100458592,-0.1449498509500394,-0.062082382694201375,-0.37507731307322373,-0.13162289214311632,-0.0506298826908122,-0.22905263939023723,-0.08506917305132941,0.03778949897412131,-0.4452366623114759,-0.052519903846231786,0.0040482407671572395,-0.524597969294799,-0.12978740333550853,0.010229533953709208,-0.37955136452957694,-0.11883879397723716,0.02544666752968593,-0.267130864244899,-0.08711798709574374
1,0.0,0.0,0.0,-0.11218453100004036,-0.06758525861876212,-0.05557060571777917,-0.2070618295626459,-0.2805940005061887,-0.08054305623834562,-0.20618209503178134,-0.4803365085999392,-0.10890122634582994,-0.10457881816639537,-0.5509825567451136,-0.13540587188009634,-0.12577061535956274,-0.5169330189612248,-0.02348545187190133,-0.13082828880070357,-0.7440516514259227,-0.06975613712303698,-0.13254731587154192,-0.872939258071421,-0.09250762406471857,-0.13195988868011355,-0.9851483258189323,-0.10986065681437923,-0.03155454819718151,-0.49880724838681534,-0.03189026832014483,-0.04811617385771332,-0.6433046391590378,-0.13846118185618417,-0.0646033164271081,-0.468137671812844,-0.15709884183867648,-0.07311291260632226,-0.3179442642324704,-0.13464183829679227,0.05808730673410853,-0.45441037992637434,-0.048572832020582726,0.03414526019398294,-0.5384740526272886,-0.15750358906585618,0.00504768417240759,-0.35196237946228587,-0.14211221108658084,-0.013291740373062905,-0.2190418722695261,-0.09408704989272028,0.14478349118739722,-0.38949477762236356,-0.06918396053848529,0.12588883787010446,-0.47806894459749794,-0.13828702428989598,0.09276384085159232,-0.3528431808082579,-0.12198542268890164,0.07291623069378854,-0.25080813477393693,-0.08819188416209947
1,0.0,0.0,0.0,-0.16917389066685856,-0.13008087843406993,-0.006971667495142302,-0.2328018966035773,-0.28059716848466226,-0.03227999959433703,-0.2778731613988049,-0.41466254704336275,-0.07025653086922004,-0.2852412114507963,-0.5211299889010156,-0.10617518018237868,-0.029947351497273466,-0.5552620570969766,0.019574330925176204,-0.06671068013197988,-0.7446697405891737,-0.017676548291580232,-0.10114622817756212,-0.8765255755100627,-0.04299824683774079,-0.1274839723149351,-0.9895934036218781,-0.06672879671379969,0.012021107271084477,-0.5548993836529243,-0.012145099853349554,-0.1948283544299359,-0.6350883751260016,-0.08852670640518395,-0.22913620055859832,-0.47721395070167283,-0.09980425048530915,-0.19161116754885255,-0.3819279885311524,-0.0886713976849724,0.02064384117660879,-0.5250548947977502,-0.04991358733435356,-0.19780405949008303,-0.5541384805448147,-0.12389549880763659,-0.21078298121724923,-0.4025883558381861,-0.09814294244465073,-0.1650410560018686,-0.3217577498711573,-0.06251276174597732,-0.0030022470271932177,-0.4686027350082628,-0.09117310327702306,-0.18155106092982534,-0.4776062710221237,-0.14526821745475887,-0.19078195643498658,-0.35948860832346796,-0.13127077278179097,-0.14802815591716334,-0.28752822758487234,-0.10632209998581535
1,0.0,0.0,0.0,0.05883327635764371,-0.2166546193006759,0.052050835646641855,0.019466454919267098,-0.38051112117043945,0.06286669062303592,-0.05342335588141893,-0.45419872069473527,0.06037948203116377,-0.1266008583819756,-0.4566289925524948,0.051305245673762295,0.005482976470528021,-0.5473447896972665,0.017175436982109722,-0.048355514433172375,-0.7639388707220132,0.019867122436176016,-0.07578572019968406,-0.8938039939484138,0.022816206846537165,-0.09735407269212464,-0.99500699526212,0.02198326430956815,-0.09112683153517206,-0.5327124402090218,-0.009730945097774554,-0.1615614429527159,-0.5516556329179839,0.0051980084731392635,-0.15090098708680383,-0.4643454105504882,0.0250886920548576,-0.11791820201915026,-0.4151198067789599,0.03452875805729222,-0.17715744093302555,-0.46144237900138085,-0.029261194181195615,-0.21913560950012304,-0.4307672784805142,-0.002084463148888189,-0.19876334658058803,-0.3623606453509182,0.020522633396877397,-0.16623767405631484,-0.32635893192783283,0.02547703470847496,-0.2552801975708561,-0.3791403230971248,-0.04649686489036762,-0.2696041363770941,-0.35037708823515096,-0.017393555791248873,-0.2443459705711962,-0.28268871315294397,0.009619248814310196,-0.21731956913361022,-0.2453344386772784,0.027657152846449994
1,0.0,0.0,0.0,0.07804744012017147,-0.12542789499054904,-0.08282365133405173,0.09529818078440917,-0.30015040823635547,-0.10294444650722072,0.013401416597445676,-0.4400444667808261,-0.11388177212241231,-0.07521036976727435,-0.4862705573651255,-0.11914653318200571,0.08256954355991947,-0.5294459788042934,-0.033666601226700156,0.06559209245757266,-0.7481297968591252,-0.0687018461572989,0.0469163496658674,-0.8758111131085132,-0.10026955050968925,0.03187070400724722,-0.9916803133255273,-0.12471733796335824,-0.006499475182704756,-0.4995376020849127,-0.019725562889492596,-0.040355722561393,-0.6234182993379448,-0.08484476293609726,-0.033529111655593094,-0.46027601187249206,-0.11705435276468232,-0.009271470149824884,-0.3557701916389016,-0.12100871743338132,-0.08660992679468295,-0.45419826848301814,-0.015297269135930549,-0.1257539483787456,-0.5709044923938473,-0.07916840344376094,-0.09557344560748998,-0.4278492583111005,-0.09064714679818674,-0.06276397842596128,-0.3196679369954296,-0.07883842659155703,-0.14920936325768794,-0.3828565965772204,-0.018557804709044518,-0.19107369831746362,-0.5019890906301915,-0.05304669374743429,-0.1609287231892538,-0.438431896015435,-0.04683399672529395,-0.12942092607349973,-0.35489101100078685,-0.03156153087719401
1,0.0,0.0,0.0,0.11075912191831662,-0.16144545576678188,-0.016871211823269425,0.17984809551089712,-0.35133428236952546,-0.04195097889884429,0.20358329067895534,-0.5098554140187196,-0.08479377450708266,0.13698301401119553,-0.5319617498130548,-0.1260008346935851,0.0036457469663376575,-0.5284619711112426,0.021268538124584496,-0.00689282729987695,-0.747196871437345,-0.022303390659827033,0.00962505452895333,-0.8800862872040796,-0.04806901109050014,0.02679712673707401,-0.9975269961548077,-0.06497542567004687,-0.05416189502268483,-0.5089147360540865,-0.009569219123888877,0.06276615193321962,-0.6477725038352401,-0.11134886291258302,0.1163943099459973,-0.48300348071027227,-0.13974213373833752,0.10857054935330437,-0.3611376528605744,-0.12875340176280028,-0.10195729034517212,-0.480572502226214,-0.04735468772528558,0.03194283240348402,-0.5965316750960741,-0.15265419869096797,0.08311896574750983,-0.42908188698816413,-0.14962869431970607,0.07268922620351201,-0.30226853357285577,-0.11228363785486531,-0.14227612946163057,-0.43045282969302584,-0.08707409978824192,-0.031936806851975856,-0.5567110251186637,-0.1554855448008341,0.04619444376627575,-0.46673875853595476,-0.14821351138140285,0.07943692132017324,-0.3644344656168485,-0.12041900451018066
1,0.0,0.0,0.0,-0.06464336649392463,-0.1786926793900533,0.05816984065261886,-0.05649611112373856,-0.36106928750579603,0.0635091343627444,0.010097949223329654,-0.47257908378535185,0.05468221045354849,0.08451383376053864,-0.5044524071585088,0.040421863037743457,-0.06976789543128868,-0.5142085269422062,-0.012225466608121006,0.027987547509034313,-0.7480386211625448,-0.022963614225659734,0.09188378832504417,-0.8803322066019107,-0.030425219187275258,0.13808423906013065,-0.9896605392046857,-0.038791236952120334,0.00546338746673369,-0.49562857066586036,-0.05017439248893795,0.14566343891215477,-0.5629566206072311,-0.05213259371580898,0.14501694553774455,-0.4724044408644218,-0.042364845148559024,0.10719562680618708,-0.4203754137128649,-0.040637573941466845,0.09841448986692147,-0.44303472104554503,-0.07762218822537634,0.2004197616848269,-0.4920316721349239,-0.06488628185645222,0.19093539281044866,-0.41001148064131426,-0.03214180094273612,0.15725738708558612,-0.36311653594247584,-0.018839852429884434,0.18389672386680012,-0.38487990994496774,-0.10134620280507746,0.2513088330926611,-0.44361748548216423,-0.0692309614131555,0.2393025109241451,-0.36733033525148084,-0.02369727250521476,0.21375775068872024,-0.31513761676976604,0.005054729171189099
1,0.0,0.0,0.0,-0.08251282456764242,-0.09051267752782739,-0.06499899955510387,-0.14377268702531967,-0.2241353933841048,-0.11715260699922639,-0.14171626603466467,-0.32221722726690005,-0.16976405606447476,-0.056435491048637765,-0.35102562763082557,-0.22203544020008928,-0.001636012961193535,-0.5304633713269549,-0.08806626949684553,0.03233589356356577,-0.7220486875893105,-0.16461540039506184,0.06413302812246843,-0.8508168133895178,-0.2181881114166995,0.09713638494967819,-0.9619503850525867,-0.25537419489072927,0.11380219526519612,-0.5206969246139105,-0.09238016739604694,0.06556391664878543,-0.44382579850165627,-0.1979939990512461,-0.0057991977848801885,-0.272297057700549,-0.22311588624748432,-0.05078868065938352,-0.168798256328399,-0.217194843254127,0.19914405462552062,-0.4425767395217125,-0.10331867862942985,0.12856125424869294,-0.32835361856286593,-0.19421131358345303,0.043941471723948,-0.19317014517686548,-0.17537199310853907,-0.007770980680639765,-0.12118311597945236,-0.13940381170107988,0.25957131894327473,-0.3355913404208503,-0.12162543589294236,0.2028988024041156,-0.24561418649650502,-0.17941931821593346,0.12327758528799614,-0.15165619495903523,-0.16190170765448306,0.0764103402760536,-0.10739060074477286,-0.13063419209190713
1,0.0,0.0,0.0,-0.11171606048082207,-0.23315868666841771,-0.003092458465912574,-0.13137500683548756,-0.41315562550442253,-0.0303290186559426,-0.14526530557449382,-0.5544871682400547,-0.0689551981899361,-0.16214895060448598,-0.6396353468252037,-0.10693884658526673,0.11468075574705398,-0.5368011802176501,-0.009609250964865769,0.10212292015794272,-0.7397911760149973,-0.05253706087513312,0.0920847745569696,-0.8721131906580447,-0.08127226230174313,0.0858940196231596,-0.9905860924101697,-0.10658991939450455,0.14134701124101798,-0.5028402671419747,-0.04184793313093828,-0.06334154836694363,-0.656911152756516,-0.110334383541225,-0.1267320930341979,-0.5334829953135626,-0.11554691743339313,-0.1060090963878712,-0.4474291852677724,-0.10861272174689102,0.11843426858842747,-0.4567454926839198,-0.07844675500915814,-0.08609621508641675,-0.5982273009004425,-0.1406656651677977,-0.1312054628725152,-0.4867956170802106,-0.11098919471102621,-0.10419867166146198,-0.40297483437595083,-0.07950021832807531,0.06137194281417516,-0.40739867451722,-0.11845127219370201,-0.09121339478682554,-0.5385997178167679,-0.16450728966381678,-0.1339337490847598,-0.4703445187045162,-0.14879655548463253,-0.12221628005548708,-0.39454122236073463,-0.1262846223804621
1,0.0,0.0,0.0,0.18525650878410516,-0.0829815568168065,-0.053859098240093634,0.2895005179181521,-0.2709208631582753,-0.05375584486589578,0.29745902859115403,-0.4285463011461898,-0.038594553323143745,0.23508667613144463,-0.47307602245243296,-0.01771724053963408,0.08581494845671025,-0.5286367163741441,-0.054548523045911415,0.10859182020434908,-0.7502723712264773,-0.055016180712603516,0.11006252869188646,-0.8829644284475546,-0.0590363299425072,0.10191709333358459,-0.9925844881781388,-0.06624907482052632,-0.004169782330659799,-0.5157344760982681,-0.02267919172996399,0.14959971350327714,-0.573277582087863,-0.04057537565259051,0.19125145361483878,-0.4777884574682085,-0.0481223115558148,0.16952619247042205,-0.40478301179955567,-0.048917856207209,-0.04539361647344022,-0.46775760879763806,0.010905157786052543,0.08715355764255622,-0.5062743737288532,-0.0049302278141923955,0.12154884193323778,-0.42861043981611646,-0.0070919669767501815,0.10671910283427827,-0.3749246158636724,-0.004571928158481029,-0.06557168596296183,-0.4214379792944828,0.041281980742692466,0.03937134681209401,-0.4585358738412519,0.03545729717312416,0.06302586400342786,-0.40059053931614447,0.04040401680217761,0.05262472434052053,-0.3491655595480191,0.04766431105886924
1,0.0,0.0,0.0,0.06182116232344211,-0.2043103947815617,0.045790452396753986,0.06693072412186828,-0.39427997231768236,0.047099576148014854,0.0018622847576072815,-0.5259615239693883,0.03138067146215472,-0.07772414694728191,-0.5827268324719135,0.009756682212722521,0.12542684655106207,-0.5079641031672418,0.01777771020048085,0.08727493861879378,-0.7415964295005446,-0.0020594300747102385,0.06924467197698167,-0.8777252903485234,-0.013201685674178183,0.06337716290637763,-0.997650086998417,-0.0260315027224607,0.08942841858345012,-0.5077427108364995,-0.023561796812255092,-0.0828293351319044,-0.6611398673294131,-0.0528563276735161,-0.14159649040851227,-0.5831879863113736,-0.05092134252045713,-0.13178678079982253,-0.5167497311037997,-0.04951731955018227,0.022752369993370183,-0.4806734528104823,-0.061799400239989255,-0.1358058257324389,-0.6225813007856786,-0.08717649068431063,-0.1865423700234183,-0.545123725599731,-0.06926812212622437,-0.1727798319950999,-0.4780389627996971,-0.05699173806839667,-0.05994549430759557,-0.44589508814954515,-0.09732618862904677,-0.1878224393114796,-0.5743001032840857,-0.11600476697901298,-0.22876843042222939,-0.5378051826774798,-0.10368801446577731,-0.22794242971926623,-0.48915511458768435,-0.0918328203512786
1,0.0,0.0,0.0,-0.16347611982804192,-0.10543999413898185,0.005021498121468289,-0.2660201152850956,-0.22801587368804774,-0.021733721480565994,-0.34694005690145713,-0.3009964236573609,-0.06316085622152777,-0.40081536787779776,-0.38587200758579343,-0.10631232384524918,-0.11684080555652172,-0.5814694006517522,-0.002818860533408387,-0.18595278291879286,-0.7553556701719901,-0.04344431441756396,-0.23503881679010774,-0.8694429628062389,-0.06738963318364095,-0.2646222120575137,-0.9605192929174515,-0.08589396264666752,-0.0660419279359726,-0.5629409319553305,-0.04339253365612112,-0.27420998749905495,-0.6611441213542384,-0.10389577378473708,-0.3621276024965669,-0.5200295765546995,-0.10830966253572405,-0.3681084577745898,-0.4252039291860007,-0.09799582594646866,-0.046056859326908735,-0.49629607734502346,-0.08804239875168653,-0.2610888844145391,-0.5531380535561518,-0.15214235417736144,-0.31971782888956973,-0.41335704069514073,-0.127450589467876,-0.30277026939952784,-0.32021391341058464,-0.09454904709760943,-0.055059618562970765,-0.3963832361616278,-0.1336185515127392,-0.2366201693249246,-0.4412243115828786,-0.1798837752050429,-0.2837488194811502,-0.34673488450080864,-0.16159126806922003,-0.2650115430908964,-0.26676623704458446,-0.1345627080850407
1,0.0,0.0,0.0,-0.12304555349789102,-0.10661290355809921,-0.03565665118439895,-0.19984001209375413,-0.25860519830370327,-0.06584600127781712,-0.2345604276724887,-0.41289786179676824,-0.10547605062877867,-0.17381956931347362,-0.47757750319864883,-0.1447533578114109,-0.14928554173971403,-0.5319520961841702,-0.0005780325670834351,-0.1711522381087026,-0.7442699378489445,-0.045995662884700694,-0.18928666163146904,-0.8663218881551048,-0.07717833719543035,-0.19752558106052331,-0.9749071457948411,-0.10266305033876057,-0.074628866587298,-0.5184515908306141,-0.022557898620152526,-0.09722759183237602,-0.7169256256653541,-0.1002395872148096,-0.12420253200969009,-0.5556710641945135,-0.11851377445281583,-0.13216383979719695,-0.44461400432349224,-0.10819697454764608,0.005040934440483048,-0.47411889191370166,-0.05236974941713383,-0.022787223075679073,-0.6372068436421947,-0.12962249632620595,-0.06401428988079001,-0.47257725458497196,-0.1133156663182922,-0.07222247768532469,-0.3511401737740204,-0.07732568506479323,0.07688831250313638,-0.3890109363732405,-0.08645763864184182,0.031768915599163866,-0.5074019522828991,-0.1339576205484079,-0.014064497814855756,-0.4038049350128114,-0.11628617605917403,-0.018415985244586302,-0.30661060285632935,-0.08919076830875108
1,0.0,0.0,0.0,0.06302056010065168,-0.22430792749324382,0.09303062508766613,0.05945608278262611,-0.40218101443335075,0.1380519170229854,0.014489796231792411,-0.5387772714126072,0.1759387198995845,-0.03365280903062908,-0.6032055128108034,0.20955829861579942,-0.0575132923648123,-0.5184046989474953,0.027840178957170243,-0.14391268052324413,-0.7509059973876565,0.04915124029747894,-0.18469453930352556,-0.8766359534426817,0.06217171864585863,-0.216213855145964,-0.9737300575888063,0.07142369208476985,-0.16413554418009016,-0.47046031042994424,0.010796958529503435,-0.22134161961307347,-0.6540071614647657,0.07023805943379281,-0.18578045128825973,-0.6156146990166643,0.1200942313351712,-0.1463893435845118,-0.5523402807144487,0.1439264540406022,-0.23685055808156788,-0.3828172168224116,0.007713043424542308,-0.2730359569709617,-0.5269692982798395,0.07507414020906693,-0.23367975595884885,-0.4908621778842213,0.12172862779034138,-0.19759669930433058,-0.42291292608374126,0.1358753730410582,-0.2872279525174425,-0.28493866325051015,0.013259541805495644,-0.29219963556500667,-0.3887111213470698,0.07890827647565338,-0.25056517846369897,-0.35792941148182444,0.12661563595445022,-0.22061162272397522,-0.3036296272466634,0.15254462610881409
2,0.0,0.0,0.0,0.09751442244861115,-0.0865812459368591,-0.04499198521053199,0.13304991007543668,-0.2579804636550567,-0.06060126513699646,0.08548035453591665,-0.38749482189679924,-0.07888180508892523,-0.004232094020659841,-0.43335202207932294,-0.09518564187502876,0.0850412726315557,-0.4806513370550193,-0.029254200652344745,0.14187346343852694,-0.6902622467757277,-0.06530791983082346,0.16925624444255533,-0.8130119246098105,-0.08862133199772107,0.185391231457857,-0.9209504367481065,-0.1059204289686231,0.0012593803764817022,-0.4960647608578552,-0.04254993565080898,0.019781548573990563,-0.7262302069794235,-0.08839891632529279,0.026730750614448236,-0.8678572706425749,-0.11877895990417858,0.025489377283272482,-0.990334010228144,-0.13634089566653607,-0.0811744788389845,-0.4530346667883653,-0.06077176723967098,-0.07784199522033228,-0.6349949828574426,-0.1409947389674234,-0.045565243256945276,-0.5017688802506883,-0.14756655178027525,-0.03278533296957484,-0.38923874016466886,-0.12899758718365903,-0.1556135977307841,-0.3626960181731157,-0.08173586275806534,-0.1562874625058242,-0.46126975395738423,-0.15934580651346714,-0.10112486875351229,-0.37547731102388976,-0.16196136356521468,-0.06582117968367755,-0.2839209275395608,-0.14509714179661007
2,0.0,0.0,0.0,0.09248928774845054,-0.10185839508453015,-0.02991372420531649,0.17096827075104173,-0.26486455911698875,-0.07018393542736628,0.2255015092055719,-0.3940070613764049,-0.1194130923545879,0.19713598890533077,-0.4577190828895409,-0.16846353890618393,0.005379569724971993,-0.488876095185263,-0.05671581765955241,0.040048819865349514,-0.7227646855514046,-0.11240698766767886,0.06498091928882653,-0.8673675377660435,-0.14793717293239148,0.06959136561447296,-0.9820308505057656,-0.17542078122855229,-0.06984845575929931,-0.4474271659926676,-0.08791230336971877,-0.022257793991855433,-0.671794971378018,-0.1805998455738712,0.08942027414458616,-0.6018863293752235,-0.21251898608987055,0.13958266847067538,-0.5011995228924936,-0.21731833687942156,-0.12214212877118281,-0.3862063978495217,-0.12116083957129709,-0.04161141127227284,-0.6126336255022242,-0.21546984350109655,0.07546222546399389,-0.5132562334263064,-0.20782354141286685,0.11567248852104334,-0.40515273641316885,-0.1828254379732208,-0.1493597817451095,-0.30449986693770315,-0.15672850271979719,-0.026499400455898242,-0.4421095139911532,-0.23065767582502733,0.06738511384630406,-0.36953183025582304,-0.22847190746481438,0.09695640216280439,-0.27959107323452087,-0.21290875954422034
2,0.0,0.0,0.0,-0.025377179322256395,-0.2148230005255399,0.020276355106483863,0.03398786393075349,-0.38009107877623466,0.008937286550890645,0.13719314724189996,-0.44185085637767707,-0.007596629913473396,0.22186832788454044,-0.443117203993942,-0.024286571882750782,0.05517594617112126,-0.48051100719973133,-0.05736789950523535,0.11668637483016597,-0.7174868577901117,-0.09425340484838497,0.14890435787680428,-0.8634306108150337,-0.11560916815383385,0.16948039388364874,-0.9770967879643169,-0.12867891450761476,0.13847918488646047,-0.4125161991780618,-0.0842128952924589,0.25558249170958386,-0.6458313598618303,-0.11283316820772488,0.3184631633775592,-0.7765481867128635,-0.1256487846885651,0.3612089950709409,-0.8705030773059549,-0.13493777334704024,0.21122787144323066,-0.3166988584306604,-0.10243189987009609,0.3261081217973746,-0.503579269332277,-0.11851363246596847,0.29119247418821687,-0.4620414121624256,-0.08914143025941244,0.24747965300787783,-0.41377078505176085,-0.0641392544959664,0.27129134439460917,-0.20519466381303297,-0.11961859372752555,0.3406651513891195,-0.3266824868926774,-0.11804081041481815,0.30008862064499,-0.2891214055703949,-0.07879151064048583,0.266259061056772,-0.24229137411400883,-0.04530924917303399
2,0.0,0.0,0.0,0.026037160398690518,-0.19306674770149315,0.033429379018681774,0.10102389891607373,-0.35727586852105625,0.017120766110159485,0.21050351218641902,-0.43373603547147793,-0.019233049196590843,0.3012387890190162,-0.45331500983500356,-0.05128005453327585,0.07295427569871785,-0.5250941186299342,-0.019187973959523888,0.16745926516883716,-0.7197306942090028,-0.07133289499112512,0.2171009418636929,-0.8401059576890009,-0.11034421563143783,0.24065182052020542,-0.9512308293424546,-0.14083162137028624,0.07440356307427824,-0.47416678643716803,-0.07433430611550465,0.22557943779609646,-0.6814033461660347,-0.1342991583272153,0.31586093690152484,-0.8032912158020434,-0.17947780851624318,0.3681545046407118,-0.9048718009121464,-0.21370373096125667,0.08769214411101471,-0.38476198672455664,-0.12487696744785876,0.2892335152885924,-0.5391408359819758,-0.1733011582947389,0.3448942249935001,-0.43155180532218257,-0.16142345934203736,0.33579469417802166,-0.35605859895388575,-0.1460562034879563,0.1243181243505925,-0.282578328337284,-0.17536701075006975,0.30443298873338376,-0.32267835505479336,-0.19724173376560944,0.31725905841806173,-0.26406658645673925,-0.18063237724812084,0.280030746435503,-0.2271149491192705,-0.16512117106964944
2,0.0,0.0,0.0,0.10249566022961783,-0.13529622116202017,6.905147601572213e-05,0.15244284347010217,-0.31275707110610734,-0.01634437563676735,0.1978900362530992,-0.440924555087738,-0.050686307882609416,0.1816028030762736,-0.47002853666272665,-0.08152874809495901,0.014649435445059386,-0.5257533266018105,-0.006884365959718156,0.03859700565517557,-0.7124692748492244,-0.05932549468825776,0.04350978623180192,-0.8501053547414834,-0.0997678130782794,0.028206801529383853,-0.9562896685744419,-0.13318826752973012,-0.05109063599235967,-0.48624439976422756,-0.05753083307379534,-0.02247644304588657,-0.7215980971287203,-0.1331118624946924,0.024947861636004966,-0.869414176364833,-0.18204280707947426,0.04381536808328588,-0.9764305029321287,-0.21133784910289108,-0.09526074857558275,-0.40675031164867104,-0.1108516068349656,-0.025060430317042783,-0.6088713604734445,-0.20260079646434048,0.08739365274038598,-0.5356922987867755,-0.20895453273558492,0.1357917913792557,-0.4578558802211684,-0.19396695092774136,-0.09459544469744903,-0.3096605900268929,-0.16581316005784624,0.037844020729566816,-0.4253363198160234,-0.23644910762540247,0.12721872910155033,-0.38521125174876,-0.24168693984069228,0.1642375141908423,-0.3286431156299009,-0.2336336845064459
2,0.0,0.0,0.0,0.0989645483705703,-0.1172240507661216,-0.03486216541317426,0.15903086608853859,-0.2949772611792114,-0.05885109995890853,0.1696862848964039,-0.4424757586268318,-0.09108177786024076,0.0990464095271787,-0.4571214773787972,-0.12198792855410082,0.02932614033154892,-0.5050266862525474,-0.036020165943792364,0.051266243382564934,-0.7069816111299551,-0.08956192531856279,0.061816578276745485,-0.8242595732077386,-0.12640689283156828,0.057846312181237924,-0.9259917564931386,-0.15365889205209418,-0.04485631223064681,-0.4835487498322642,-0.06353320077157616,-0.04374192002354506,-0.7257994726427396,-0.13598704921525692,-0.03204342800890458,-0.8686495919849088,-0.18243008727431612,-0.03716275162256162,-0.9772805848510832,-0.2086662128016054,-0.10503077146278729,-0.41252305405306616,-0.09567214596871401,-0.10441116654437937,-0.6218543369358439,-0.19633731109628239,-0.0024305485298038573,-0.5442581390834244,-0.2184221905924642,0.0676121755883966,-0.4613725550037337,-0.20946970518981906,-0.1421452017426763,-0.3075420108043414,-0.12916060909878038,-0.07624124939592596,-0.4350939232021835,-0.21538449264562456,0.012271595144040104,-0.3897946153082773,-0.2313829838930005,0.07336290308185174,-0.322518625707217,-0.2267540206127303
2,0.0,0.0,0.0,0.10509461103893704,-0.11917618711435105,-0.033039097111124974,0.15457430329098035,-0.2862788881662814,-0.051811850933390274,0.15366474309056624,-0.4459050579418756,-0.0781477178786882,0.06909669022867329,-0.46378608546784567,-0.10375340160419849,0.03418874932201895,-0.5107819168982953,-0.024846433062459705,0.05626404706791289,-0.7144139637526372,-0.07266133742012494,0.068517778311464,-0.8336899078481611,-0.11117976740208524,0.0648961828058606,-0.9420908486589527,-0.14207809564612106,-0.042768098425701985,-0.49214500160627644,-0.049136353966289764,-0.05061415527441507,-0.7276143340284998,-0.11293517649733123,-0.04652769682835181,-0.865927560617428,-0.16009032445678487,-0.05928932005928603,-0.979796806434546,-0.1910052214667769,-0.10322475118393344,-0.4209912206407895,-0.07802031440004795,-0.12564606062996386,-0.6207529874399911,-0.17056906446657244,-0.02625426194645871,-0.542254306964656,-0.19602517490102705,0.04849375501502731,-0.4591410147127481,-0.1926355421188107,-0.14863679226120097,-0.3117842265854997,-0.10829949981161531,-0.11198962837477289,-0.43220257370093795,-0.19292509374003636,-0.02839044653831053,-0.4010257428684013,-0.21387153429314876,0.03891080935449275,-0.3494775951601702,-0.21454859605949825
2,0.0,0.0,0.0,0.09200360978897586,-0.11735854589729397,-0.07255890590221782,0.1229321887787888,-0.3140957512350342,-0.09861445397919368,0.06733325647229058,-0.471381849420648,-0.12304886022653076,-0.03206703316456766,-0.5208563473255684,-0.143985341605631,0.07394907778060518,-0.5173755994523094,-0.03133670054606765,0.10063540216553217,-0.7283110309458709,-0.06116950103123906,0.11509665986695615,-0.853479813485722,-0.08351292530026172,0.12253798379205495,-0.9578740979379158,-0.10139091485263038,-0.01071006780876176,-0.5164817513244414,-0.030547480052028023,-0.019503521282247943,-0.7427645962532955,-0.06395571332298522,-0.020081034809758168,-0.8794573502162222,-0.09044090274884271,-0.029175297135503767,-0.9936026502347285,-0.10909892521733941,-0.08553116503897476,-0.46306407587138676,-0.039998884926926576,-0.11645934128564636,-0.6466406824826284,-0.11301891482911158,-0.058964213721138,-0.568813550719842,-0.14039474554057416,-0.022562133931921944,-0.4736208596405583,-0.14097655835111808,-0.15675926988244,-0.3784705371397425,-0.0547893045977596,-0.15918716663563406,-0.5072669882508098,-0.12831112224830626,-0.10426057372927221,-0.45990922774809195,-0.14906136513027698,-0.06820120821617097,-0.38167806406592325,-0.15132597974539733
2,0.0,0.0,0.0,0.0781649225070809,-0.1373548868848873,-0.09882284474228939,0.07580319009508939,-0.33945624151216536,-0.11286882671453055,-0.020373413313139264,-0.4625168104849569,-0.1177115370176389,-0.11521341694028053,-0.5347990481635122,-0.11485503580553552,0.08986314216001695,-0.5496365198771017,-0.0033143133069012576,0.10449837711327106,-0.7579679404656569,-0.02073200279805266,0.11173760684760221,-0.8858333707842024,-0.041348041483288384,0.11846596071148673,-0.9912168606496259,-0.058778833916681185,-0.0016195101055813638,-0.5444461945431909,0.015250902615205597,-0.002411191218062396,-0.7511959114566006,-0.005076942772652612,-0.01042887619325975,-0.88513571668825,-0.039503691560254975,-0.012220662845180858,-0.9929163213617535,-0.06448898703735678,-0.08689263691147806,-0.48565944914196313,0.01640483997910618,-0.1118879820309785,-0.6458398089266111,-0.055687685116575375,-0.11224260337158341,-0.5586606469025771,-0.10882682386232846,-0.11008859369239775,-0.47347506175815673,-0.12480942853874859,-0.16075415423083136,-0.40205025180789117,0.010621998387680107,-0.2036795498316575,-0.5262432275631894,-0.061640119407101825,-0.19572022242020112,-0.4762159216474671,-0.09783919712026069,-0.1865318351724998,-0.4092647734026461,-0.1119076333054042
2,0.0,0.0,0.0,0.12714542640708137,-0.028454283792773007,-0.1182560717920763,0.18101898629903668,-0.1773877723572287,-0.18140356635272703,0.03466799850963904,-0.24212902385705762,-0.22970147872071928,-0.12521421121699097,-0.2767427215364727,-0.2785481570954697,0.1297530988931632,-0.45958029908143166,-0.14993031534458653,0.17539959643961547,-0.6555397338817677,-0.24044806390706305,0.2269040960958636,-0.7493851923729158,-0.30090258275087844,0.27929920721843665,-0.8553684758699351,-0.3432721517006277,-0.017406822052819935,-0.5213690645794797,-0.13858904848530662,-0.01742031616594607,-0.7100564699157061,-0.23996446538412797,-0.021826792857068074,-0.8151112546287772,-0.30150037844992067,-0.02472374539329142,-0.9411931113695611,-0.33696329699866806,-0.15383480346648923,-0.5045079107261978,-0.13433171256011175,-0.23243094099194617,-0.6483916167064606,-0.26161815407124983,-0.19151539516930996,-0.4374961449418089,-0.27183165691356737,-0.14576597257249893,-0.3261053551116662,-0.2526016050134381,-0.26956832976589606,-0.4239766006024741,-0.13541811030841042,-0.32803211010811517,-0.4536989417758406,-0.2504877165106798,-0.26380893848279124,-0.2931310624259888,-0.25179169872369445,-0.19340262474065265,-0.20702071503113453,-0.22988227064261474
2,0.0,0.0,0.0,0.14533826166362757,0.09959326695378368,-0.03390492510358961,0.2104076029609505,0.2690291299376583,-0.1201099158163922,0.1613329802068716,0.4203920263183715,-0.19776157198481828,0.12161849222586942,0.523988031504327,-0.2776069303266597,0.259331527194836,0.23505070923887234,-0.2672958010446018,0.28724346892469477,0.5044040334390294,-0.36752504634727656,0.3009160782139166,0.6718829868243997,-0.43317946700083193,0.3104348559936803,0.8197250446940313,-0.4813325786663016,0.15689018650545117,0.14796719586806328,-0.2940182409644464,0.09797352925720536,0.4844440292427971,-0.41825616855220493,0.048221503331804964,0.6884927862629324,-0.45649145236168154,0.006730460399091934,0.8398915068498213,-0.4847692352273341,0.0396484648572239,0.1029670584477807,-0.304045786619932,-0.009149630553317328,0.42483501739833834,-0.35934039950741803,-0.0071669630545049354,0.4301692713046753,-0.30124012459949334,0.0017679196403048878,0.3642653641684421,-0.26623762998491335,-0.0626169128580254,0.09027117689552983,-0.3194999840137984,-0.08536942872904085,0.36273568043366894,-0.3386659096454553,-0.06909472871769674,0.39194286952978774,-0.285055281171408,-0.048871076128080886,0.35370117091755243,-0.24790876209631535
2,0.0,0.0,0.0,0.08731111525977545,-0.0362696112425395,-0.1188820536485697,0.11970666006950272,-0.18824719737063877,-0.1618781133043794,0.04543009825724703,-0.3582386319632037,-0.19082688977569215,-0.023249928351570814,-0.49539333699288784,-0.21122499659491623,0.21526052233465928,-0.42221893998175786,-0.07655230452498997,0.2679489716259331,-0.632624761141797,-0.1340124090352034,0.2983992384048181,-0.7705435188543082,-0.17353573292344532,0.32614550495429157,-0.8885425059833215,-0.19908495569611334,0.13028617679301804,-0.477142406522973,-0.05398616023231676,0.13437824508669297,-0.699420212477419,-0.11759520251319285,0.12703074543977455,-0.8485898788418839,-0.15960499803727748,0.1306488489929907,-0.9749607153122989,-0.17995133190542717,0.049840052719606766,-0.4720300735788256,-0.04552149445649563,0.01767536271409286,-0.6030210948253207,-0.14506864292212374,0.008236594530560167,-0.4810882601316315,-0.17172781449746216,0.012475002053276249,-0.3876038711987639,-0.1604597312245001,-0.020803236077222363,-0.42587629981156444,-0.045786116259410085,-0.05159363258760639,-0.5220998602064233,-0.13258740121320922,-0.04527180280183314,-0.4299506330361198,-0.14775964075535486,-0.029807096526447193,-0.3476896534345487,-0.13724817488694427
1,0.0,0.0,0.0,0.11319499057289131,-0.16553941394155738,-0.056554139463496356,0.16849131820171212,-0.3834587662389265,-0.07684662305719706,0.1607404259356532,-0.5692199065042588,-0.10236314563331547,0.14196020220442432,-0.7260041658146701,-0.12505611891800075,0.03641300896347769,-0.5447784923506211,-0.0023371045647657277,0.01957312118710353,-0.7516239165061045,-0.05243416313102609,0.0039039088584419033,-0.8784971492282723,-0.07902508065890139,-0.011975146308554603,-0.9953360789536992,-0.09572191914062246,-0.04228860843685434,-0.520047275901875,-0.008214406656750464,-0.010442015049172733,-0.6723073317354976,-0.11307745916250352,0.06239384560279158,-0.5232532645272089,-0.14275028165839163,0.10383486350356698,-0.38774035161781445,-0.13213745220497228,-0.11947099615848722,-0.4711565328260358,-0.024639140088296926,-0.0754409356947938,-0.6051938994909203,-0.13521469900190322,-0.00020618986822847055,-0.4528038080686487,-0.12788729758970824,0.03862924563275821,-0.32060555964525383,-0.0864833611406901,-0.20301614750574326,-0.3989210783996167,-0.045430731334162346,-0.1472223056427078,-0.5307286619644095,-0.12483014212836255,-0.06807837444532462,-0.44143769305394615,-0.11862353029086445,-0.026730811696438216,-0.3412465657601312,-0.08947357085126621
1,0.0,0.0,0.0,0.024450736347050472,-0.1858471210847437,-0.08025921233300043,-0.049770319424651814,-0.3596300586559404,-0.1169547664859931,-0.16484851515992482,-0.45057193384248395,-0.1508215789366441,-0.24929135639545447,-0.534131934176484,-0.18196532958674663,-0.2330504665709418,-0.479466675233943,-0.06527602345583022,-0.3706729697205062,-0.6530275182642827,-0.13098686770874002,-0.4692511317744371,-0.7395080718783001,-0.16994841415431125,-0.5557820241329824,-0.8076122151086995,-0.19715184923775098,-0.2862049591127126,-0.3513633293520861,-0.06725068026445381,-0.40890303128465694,-0.4485960374422764,-0.1879077177007715,-0.309667243872214,-0.38488611423794755,-0.2262899658743161,-0.21769131019557914,-0.33174138741261516,-0.2210765331197992,-0.31056951552913137,-0.20979175169431105,-0.07728294035513375,-0.3911473479598119,-0.25854482576954385,-0.1972201211600169,-0.2651134278654953,-0.2258159835623758,-0.19101721745837422,-0.1763235340075178,-0.20628867846261725,-0.1526217805337633,-0.3159684465572335,-0.06045904708271958,-0.09310581095274399,-0.3705781315258157,-0.10741653814064361,-0.1786996916283046,-0.2721501802855559,-0.1047545246525213,-0.17030341556540787,-0.19987703257210368,-0.10399551706253021,-0.14107400961564148
1,0.0,0.0,0.0,0.0700274819670529,-0.19312329099465445,-0.053121807641125826,0.054421782380104075,-0.4252395934681398,-0.06182328283942008,-0.015002887456684471,-0.6154844111938313,-0.07202625225648682,-0.10303310882054878,-0.7238742797130695,-0.08316242412822243,-0.013622828592764334,-0.5289364304892881,0.007565138369170334,-0.025779741428431462,-0.7377875933136913,-0.032908324099615235,-0.04406363191909737,-0.8766936922537966,-0.06353068055585917,-0.05914481844385529,-0.9947795323875881,-0.08315992059865686,-0.10318819539167497,-0.47794748784949703,0.004642024333868875,-0.1791899869466336,-0.693915438893594,-0.07376805697171011,-0.15523682068924388,-0.6516261575740724,-0.11180745986809236,-0.11702022458330737,-0.567975544701251,-0.11073357794640105,-0.1799022363843983,-0.3876652613395085,-0.005222999885965134,-0.23811079145441774,-0.5039964390081193,-0.09717542544196091,-0.15672450298263949,-0.39319313019854374,-0.09866118048995509,-0.0936326859566722,-0.2864506408171406,-0.0655857193325018,-0.23922360562267406,-0.26742139761475614,-0.01829496576786092,-0.271426591450166,-0.37538727214568146,-0.08333880487157805,-0.20299925221405052,-0.3045954673259,-0.06969085123398489,-0.15151202216517815,-0.22060792660995943,-0.037619244024997216
1,0.0,0.0,0.0,-0.0535876271301746,-0.20524435066225516,-0.12050947227597826,-0.21797604145870317,-0.3082729831895529,-0.15721309938578606,-0.38631942230477695,-0.2516544965850836,-0.17775947978983495,-0.5298431220747227,-0.22034194948136115,-0.18667879916437863,-0.38617763183478204,-0.49636849074896006,-0.05739199677341683,-0.5741156091238869,-0.5183028944813665,-0.1379596091052964,-0.7122946546852924,-0.5053166774463361,-0.19711159733443492,-0.8359750956207981,-0.49327844168947627,-0.2404620936160201,-0.41952061317814276,-0.33467707136299835,-0.03944489338502716,-0.5718296786859836,-0.25266898623514067,-0.1627695024064434,-0.44231642928702963,-0.1974441112494742,-0.20696627748900348,-0.3489389396926799,-0.21477217644825797,-0.20636970819500428,-0.4235009750037468,-0.17556759647450035,-0.03858144464432632,-0.5428321167215721,-0.07721826990241784,-0.17029923329041405,-0.39399233246465204,-0.05490249565836455,-0.16672937383374822,-0.32135716615254617,-0.10510293539804452,-0.12920254855450858,-0.3957654187648125,-0.02749606437543534,-0.04793838392541744,-0.4869818381858813,0.04831179597003664,-0.14678974730036795,-0.3731801720852465,0.051029623001245486,-0.13910474571126524,-0.3087050120500878,0.0010099484751784618,-0.10834586923011628
1,0.0,0.0,0.0,-0.055149165593458914,-0.20598632103619255,-0.1431964421921156,-0.22540408965429645,-0.30213718379050736,-0.1877516203914844,-0.403671145353758,-0.25562058860746634,-0.2115814881646541,-0.5563884323300797,-0.26092638745588886,-0.21998204283627712,-0.3948648817466951,-0.5237640488755007,-0.059031730779013226,-0.576087502363241,-0.5196786903508899,-0.14053450590201702,-0.7090041356652472,-0.5058111793891867,-0.19736879209750527,-0.830581958452438,-0.5034218783914741,-0.2381176655565744,-0.4318480005047027,-0.3569067083308937,-0.02997055457950141,-0.5958236467179915,-0.22940718952788133,-0.1524579552968419,-0.44769097034937994,-0.17488365311123877,-0.1892140865209201,-0.3505158367753618,-0.21940018133035089,-0.18086145040995102,-0.43637848260289275,-0.19453545338437395,-0.022254900208119658,-0.55706874613124,-0.07638867368864805,-0.15926275006719082,-0.40336973111923846,-0.05148863245135747,-0.15548523585475021,-0.3381274522163584,-0.125460338429807,-0.11420107870628722,-0.4104883716075648,-0.048820486212392704,-0.026906283696513805,-0.5014691275304733,0.0363606408985263,-0.1322119463344371,-0.38474544566894564,0.043306885791463225,-0.12981862508997719,-0.322727891257887,-0.021389288354409158,-0.09995003388774462
3,0.0,0.0,0.0,0.09800311565733555,-0.06420356902924568,-0.07754140186419142,0.14584702696611426,-0.22138573295031164,-0.1030837969752916,0.036393732574458174,-0.3400874720002479,-0.11682160497027515,-0.06533186815643863,-0.4064817157722863,-0.1301364861445152,0.13108868655911715,-0.4762719780431358,-0.0536003317895592,0.18407351966044166,-0.6688440701404832,-0.08505355437159381,0.20543730943149816,-0.7902122823987972,-0.11321069404994573,0.2168619095961846,-0.9041510013981369,-0.136576864147657,0.031825424751402265,-0.5092744494855989,-0.04798524108402286,0.03539320272746646,-0.736141101495839,-0.07472131822404374,0.029099144645909094,-0.870271290049998,-0.10519018291706181,0.01661223064960753,-0.9918683501873572,-0.1261792759903715,-0.045361060102701814,-0.480368379791638,-0.0501468503235493,-0.07255972938159441,-0.6696368822311709,-0.09780859541516487,-0.0852025861550855,-0.7891250696213787,-0.13538393897254794,-0.10220875149065198,-0.8990239810021313,-0.15836036797225658,-0.10891836865278648,-0.40532808521139774,-0.05753181277560629,-0.12169128071390987,-0.5207966065620057,-0.10948135867708936,-0.10571363337036951,-0.4776245530345118,-0.11752135493412388,-0.09517390343345976,-0.4248538014399074,-0.11660836527034547
3,0.0,0.0,0.0,0.10534095137712317,-0.06389616697177296,-0.07252476506299971,0.15481477208972977,-0.21721436260669097,-0.09539433567109286,0.04560050426769787,-0.3232560375669354,-0.10677826488855831,-0.05651575075494434,-0.3733195355166602,-0.11803872810290193,0.1257305775978227,-0.4759882865250713,-0.054842523058181616,0.17814582078339292,-0.6630771308980526,-0.08309275855896558,0.20067206326055903,-0.7806001027005334,-0.10660824460124287,0.21126449192672603,-0.893110289491462,-0.12602417125823143,0.024612993577140863,-0.5026869742100917,-0.051203987096421946,0.027558768370496544,-0.7306394438640723,-0.07668940718215107,0.020408900782435773,-0.8649894189423313,-0.10382490462251932,0.007715669239028238,-0.9925333597435019,-0.12172920045934005,-0.05279215413152239,-0.46921296719474986,-0.054224501334510164,-0.08811770041765105,-0.6501674025031431,-0.10166838427225976,-0.10420922372317704,-0.7657585036356007,-0.13600280616910784,-0.12189916778068892,-0.8764563842152766,-0.15535499464835487,-0.11465553877618212,-0.3900133577884413,-0.06196590755385679,-0.12814512059932495,-0.5111619368295172,-0.10908109315199731,-0.10435347205617095,-0.4614895881310271,-0.11072980652051356,-0.08416119247724843,-0.4010555055031191,-0.1054588201017026
1,0.0,0.0,0.0,0.1086454466564267,0.027929885240232186,-0.09567216246215011,0.2239084339467005,0.02217818185951309,-0.178005982760141,0.2545147348763082,0.008272417186890665,-0.25616925826828346,0.19761264628862443,-0.0230342614202311,-0.3347349508393054,0.2267102254536605,-0.3813118059897696,-0.16168910282289445,0.2479337680391921,-0.5953076880339898,-0.26758173948228253,0.2623583751909672,-0.7472040360984622,-0.3358768465485649,0.269518977036927,-0.8839369652574263,-0.38211904227407967,0.10936021517526481,-0.45348847395728703,-0.16733354178632964,0.11776236053175014,-0.37176541324995477,-0.3081629643266459,0.1249318074801823,-0.15642556702451715,-0.34450078635950604,0.13069783150299952,-0.02991905050735031,-0.3430096495010401,-0.007965084975589029,-0.4423498925732208,-0.1794584573949033,-0.009739089615105619,-0.29582382039515337,-0.2982350036940649,0.014571674530184625,-0.10016699474131076,-0.27774330558908894,0.037757496079287405,0.003171039435568177,-0.2373506183158775,-0.10665006875781013,-0.38761913624405026,-0.20183960276650542,-0.11323447535699885,-0.2614083690658998,-0.2815636703150836,-0.08024838556735661,-0.10889065255274388,-0.26542167419953766,-0.04531289837210888,-0.036120590528092446,-0.23240848750867055
1,0.0,0.0,0.0,0.12340391899327642,-0.04685436333519422,-0.07996990899016398,0.2463123717120401,-0.11622782968101902,-0.15024683204544734,0.27488045867742444,-0.13168011304174296,-0.217688275595346,0.20909232392890992,-0.0974121331868134,-0.2841252862855719,0.20559673446880236,-0.4939570989918335,-0.12731419063827526,0.1941602980268717,-0.6806538209468643,-0.21209979682182833,0.17387961475417363,-0.8169391157678577,-0.2666061069893388,0.14915770293333472,-0.9396838751892908,-0.30780869767582675,0.0754105908219113,-0.530252302389251,-0.1363132605261647,0.12166723643227526,-0.426000141774716,-0.24184479895511884,0.15460065128232994,-0.23435733488926494,-0.26637606559491617,0.1634881770873023,-0.1665771326418733,-0.2673695487441482,-0.04167268092582502,-0.4818808355528732,-0.1519118053751645,0.019941924575205123,-0.31003172600514756,-0.24247573946607864,0.06360543831445696,-0.1575034942511308,-0.22665090601659066,0.07751631436565992,-0.12097331071748943,-0.20061252708024033,-0.14605974717166553,-0.39740586648109655,-0.17725117364217716,-0.09025839817955074,-0.25256439643992196,-0.2367837745567932,-0.0339206758344517,-0.13167101535947764,-0.22319014768287024,-0.0060045027868209115,-0.10347716805242094,-0.20083574521296396
1,0.0,0.0,0.0,0.08516213325881744,-0.12466366448168063,-0.07061602031953261,0.15156474240834703,-0.26830855057829966,-0.1344368259137722,0.14977043519770292,-0.3915357073440999,-0.19740178029832836,0.07104706153994486,-0.4154334253958478,-0.25749267969421513,-0.03299950258902688,-0.5481630918974252,-0.08316007365514098,-0.02821309470444378,-0.7322321559562655,-0.15929867702212366,-0.01776247708163904,-0.8653401252134811,-0.20046952872884846,-0.01639403635349842,-0.9739766049781237,-0.22605487945923286,-0.14888914683012472,-0.5019419607763431,-0.09428957791541566,-0.0783276063460549,-0.6179613097332702,-0.20056243313011266,0.00882212773567708,-0.4487797241695902,-0.22024545161746867,0.021724692262701992,-0.3482032010015912,-0.20453835446918617,-0.22367320754517586,-0.40772259998866844,-0.11276868554689913,-0.11274285749915622,-0.39438831547408537,-0.20485258853288713,-0.0408905711709777,-0.2738601043339933,-0.1886769710824813,-0.047858257327142814,-0.22753668081310316,-0.15333457910554008,-0.2673635613619979,-0.2859139746008211,-0.1384103482753643,-0.1638637242010441,-0.24084697555287193,-0.18948050059329474,-0.09166147503787454,-0.1790768239063505,-0.1724288565325867,-0.09321137442271055,-0.1638627006373187,-0.14503974662028135
1,0.0,0.0,0.0,-0.1023930972651212,-0.20700102586466337,-0.029073673941742102,-0.10324738614407365,-0.43889103784458466,-0.02089941857689143,-0.00756388866367415,-0.567212456450011,0.004389869435927548,0.07892150891276092,-0.5714581952862317,0.03242848497406773,0.09341225984393879,-0.4898365363388131,-0.07280830022827108,0.13812112960547443,-0.7357670029700466,-0.07389131525885292,0.15949558216110268,-0.8692582415658564,-0.07303937664248546,0.1843461221898957,-0.9798456591241658,-0.07693498247921635,0.20504291336161543,-0.4361592890556501,-0.04729328834888231,0.1823071887167609,-0.6406259601256812,-0.02098814274340211,0.11473232662177946,-0.6031516897003896,0.016082850685142046,0.08671422194799339,-0.5312649727256025,0.03440159355554977,0.262079955722096,-0.37734648650587993,-0.021373089445913946,0.22730516182337795,-0.5566208683201328,-0.006701093367587225,0.1645684450502189,-0.5298167619678592,0.012124586672502605,0.13456814995937985,-0.46751277413870673,0.018254307397378825,0.2915430158645524,-0.3192511384426513,0.0030148649728884863,0.2621679607784128,-0.4659103861553881,0.012426953215843483,0.21699532457533036,-0.45646247087791225,0.023951464924378576,0.1830420982878143,-0.4010549813268072,0.02953130926984128
1,0.0,0.0,0.0,0.11376580581941191,-0.046697239549967774,-0.09620141053361479,0.21901248035873908,-0.16336904758404908,-0.14076457459860237,0.18733736361401873,-0.2650812054486697,-0.17479483519243935,0.09966819729376168,-0.3400473747921634,-0.20181235611911036,0.19102759612792528,-0.48273288772789147,-0.08992438551289439,0.2143538598901028,-0.6932948573458543,-0.15700346997586376,0.2240859911650404,-0.8292071194016047,-0.18845465399230685,0.22407648985959772,-0.9517749532131555,-0.20955706890557854,0.09486264814095902,-0.49275005816611045,-0.08135767784305606,0.08933810477628894,-0.5347745805393668,-0.17134097093893358,0.0898334457100392,-0.3412831655000717,-0.17982219014730086,0.10407652356901985,-0.2809021831115318,-0.16301742372088684,0.005365753573709208,-0.4661983806562924,-0.08514452248730574,-0.017336466930992413,-0.4349238091410197,-0.18118944663051775,0.004823185562905466,-0.2571497889052504,-0.16163161485204244,0.03263468649439865,-0.22767636682174514,-0.12469471551817146,-0.08041811776657866,-0.4159716855845173,-0.09809382373016158,-0.10156442187999176,-0.3616250878527041,-0.15859059163502784,-0.06598389599810346,-0.2400016092821162,-0.1421143188717876,-0.038617962821848546,-0.22380008260126105,-0.1148636588865656
1,0.0,0.0,0.0,-0.14934702654907508,-0.12764697576578163,-0.000844438164285261,-0.23423552884284785,-0.2818439886627615,-0.029175956643678006,-0.2968202800139842,-0.40084110377941534,-0.07316752266533624,-0.28329102379497795,-0.4928385249020041,-0.11597555447928744,-0.04999283784420923,-0.5736865043299207,0.010354075118806802,-0.0856453334095995,-0.7654815849425167,-0.03623803621594534,-0.13427692992086726,-0.886703811934812,-0.060931695437483384,-0.160943691239968,-0.9836653069043414,-0.08062066883152115,0.0015620353312446847,-0.5584289999699632,-0.030538345189804222,-0.16592977129783382,-0.7027876140056366,-0.10664763379422283,-0.2485241514554372,-0.5561737182890212,-0.10925382326942182,-0.23678094771022704,-0.46362705459329595,-0.09032990162933575,0.02763422331092533,-0.5105101207415617,-0.07813742131292215,-0.1649210349841358,-0.5802406029745363,-0.1513390157040646,-0.20813940784114723,-0.4380472175538992,-0.11713463276393726,-0.16645731189337593,-0.3607864533290026,-0.07418554443381693,0.023732329432786622,-0.4321349498260822,-0.12843525307122072,-0.14467481387744585,-0.4961170446854105,-0.17291093354955192,-0.1822890059595924,-0.39329469742096296,-0.14542376902488388,-0.14664533316079426,-0.316220935283375,-0.11186185082099416
1,0.0,0.0,0.0,-0.12114336027616415,-0.08826382918401764,-0.02339506619315643,-0.22019073422413202,-0.2755404088165021,-0.04973746513452876,-0.27632781420838043,-0.4400272121733107,-0.09143518144774283,-0.2137781778180114,-0.5305761923243963,-0.1320017322943039,-0.09754972990796724,-0.535030338002142,0.02725150954307725,-0.12140268114925985,-0.7484629915714671,-0.02161000776241145,-0.15932373898839966,-0.8758444707987878,-0.04382184098196885,-0.17731638371737254,-0.9823425476943669,-0.05968265287949407,-0.02819967268891475,-0.5333656685759853,-0.0028059907757691854,-0.11964744233437913,-0.713263381407184,-0.09988008523778956,-0.18131758091630845,-0.5553137181335863,-0.11392991550158929,-0.17937490814225204,-0.4348387640076136,-0.08932506445487517,0.03502100976656368,-0.5062965902182847,-0.04290489572657982,-0.09830850237650451,-0.5978078193569694,-0.14355222310951818,-0.1327209102192876,-0.4129274701884859,-0.12222870380849613,-0.10220704749920714,-0.2986704295110283,-0.07157868063529324,0.0873591506486681,-0.4523760234132372,-0.08583552845787644,-0.04464207814990598,-0.5357320476943754,-0.1425648822382998,-0.07743378130343552,-0.41224698135078525,-0.12031112291805905,-0.046663846836312244,-0.3221543003397513,-0.08409871193387759
1,0.0,0.0,0.0,-0.11343670021900475,-0.08119360781572238,-0.06733117509229791,-0.1982112156482254,-0.28619006245882755,-0.09675835188291061,-0.20566216964036288,-0.4860026197797303,-0.12753537890404626,-0.10987630149828405,-0.5444975527260898,-0.1551117368460821,-0.1560657156629864,-0.48633222698508416,-0.018034915455075302,-0.19071338418688202,-0.716084013901403,-0.06384328423440774,-0.21064637993065508,-0.8518628638626462,-0.08512923744329587,-0.22601587235874726,-0.9689096327770673,-0.10065261523538764,-0.06571397164650777,-0.4925874392822435,-0.019465921445808814,-0.07482687841408492,-0.7009699670574601,-0.12346184585487957,-0.09160718123864856,-0.5432775482784954,-0.14395494495386155,-0.0990762636270805,-0.3982911210356929,-0.1197937296682981,0.01585648707400248,-0.46884345178412384,-0.03043642947411813,-0.00688476205938523,-0.6146064702257628,-0.13530325937988716,-0.03417431595398471,-0.43947508355686915,-0.12494415125870677,-0.03980959203240778,-0.30754430616057493,-0.07722522232482706,0.09284000374422893,-0.419299734959604,-0.046219670502486425,0.058469846175729825,-0.5242413588059559,-0.10816731617661611,0.036925254312890614,-0.4184731533346222,-0.09573265546075016,0.03869304762427167,-0.32459799985046817,-0.06437937089793488
1,0.0,0.0,0.0,0.002988439832387128,-0.14649223695516247,-0.15794121039241832,0.04321275536049396,-0.3220526024877694,-0.16387731751301182,0.11537176521658003,-0.46117261754651284,-0.13281416617126926,0.16052440657869751,-0.5666171724161043,-0.08395602557790399,-0.11395840800307128,-0.5650218911811967,-0.043092254962015256,-0.06675751779387581,-0.7663745246118496,-0.06073680802630666,-0.03353707237392421,-0.8969741356346174,-0.07317379450787508,-0.004173470798483736,-0.9970036189670329,-0.07724225468054101,-0.04505492373321906,-0.537203210777726,0.03676555804552081,0.03746856921146251,-0.6905156196168855,-0.01733925302852321,0.06905661161569586,-0.585198534391695,-0.04469150682857902,0.0668694290448489,-0.4762477454382628,-0.033324921181703666,0.02025347983769076,-0.5013574911825084,0.09799815726791959,0.09989457568413895,-0.5905207332382767,0.029267986165208867,0.1110768297676499,-0.4622719408716203,-0.008849127191380434,0.07980118352619382,-0.3923395554784925,-0.00224093068768922,0.06600798536662687,-0.44251660257789505,0.1487609045234248,0.1270707217344618,-0.5032751314110727,0.09795133708067941,0.13331755317292476,-0.42142747324056024,0.07005265548644068,0.10019455242760093,-0.3547845962403641,0.07086866507332824
1,0.0,0.0,0.0,-0.09360974760944066,0.2712202882114602,0.05039337138785949,-0.17582229358875356,0.4383111742131991,0.008655552175657341,-0.2387561322661315,0.5449894348087069,-0.059841711907994415,-0.29447533746239823,0.6077039132086178,-0.13330277846418453,-0.43803260466721267,0.28998538953298136,-0.028377655718750307,-0.5841781324901736,0.4276894127527166,-0.11003133809642465,-0.6892346522801305,0.5223716001542155,-0.15895458501040083,-0.7829762173040122,0.5902992481033135,-0.19620153114836547,-0.41735977859559176,0.18006311772647457,-0.11347241342921378,-0.43513442218915876,0.48650815430799554,-0.20782379949485366,-0.28664965161976774,0.5008508846469969,-0.19197331148820052,-0.23151618390992879,0.4180619221394489,-0.167419444969098,-0.3558141271690498,0.11616943219520715,-0.20175940403071593,-0.34005662366436734,0.4202773444298873,-0.28189861937203947,-0.22378699116858866,0.4155126400737446,-0.21235017065720824,-0.19026490646838812,0.3224409659599736,-0.15636331891283706,-0.27033087814391327,0.08256864895026596,-0.28919025667821985,-0.24179232847742504,0.3274271489931725,-0.33565041390977934,-0.15820991940372317,0.33950869961060764,-0.28605637576586695,-0.1287777228705095,0.2673417104035011,-0.24430007186224892
1,0.0,0.0,0.0,-0.20008961589366767,-0.005729731879232735,0.06950840543175045,-0.3646835078625499,0.10210272300382799,0.07924139342326306,-0.43807354512894264,0.23359510081273785,0.0757170118506423,-0.45127621466434104,0.37121294334310456,0.06407762390615442,-0.4890025370681821,0.12535492118314318,-0.015278239114240331,-0.6754482856252787,0.3144117765569175,-0.0378009677991873,-0.7800431348995451,0.415234494122458,-0.050960055886694514,-0.8679394138385282,0.4926594422181049,-0.0629908556774514,-0.4324193101081474,0.22509023372135484,-0.06108167933793482,-0.546416750858173,0.4723076164429061,-0.07407885064790225,-0.47291930784013575,0.45920088214198623,-0.05304254457151486,-0.42318543951215604,0.38814394806714086,-0.04126469249495397,-0.34449664897968263,0.3275526095770487,-0.09642979856228066,-0.449625920076452,0.5559075610386809,-0.09490354197592672,-0.3838707633131219,0.5253027613560134,-0.04669426179544044,-0.34012398355860657,0.4474247278323127,-0.020833980844882225,-0.24407227119208577,0.4198755696452165,-0.1264548157409255,-0.3282656586350536,0.5918874450652968,-0.11760021518808944,-0.2878303129089095,0.5545527886839574,-0.07211162436725112,-0.25139421513137644,0.48575648498765656,-0.03968262141484497
1,0.0,0.0,0.0,-0.03866819044321037,0.1682940953273848,-0.09003878764079754,-0.12223986122517999,0.3177964512946987,-0.14559972088200254,-0.2292709265075279,0.3367384500658169,-0.19982491755599183,-0.3236391440419564,0.2676075047950014,-0.2492881401408033,-0.35105094686930954,0.4074230606231361,-0.06294477770978466,-0.49887957021666707,0.5522581119386056,-0.12990989204120837,-0.5895650552614751,0.6382584674897389,-0.17566045292515195,-0.6736374238476677,0.7081421618394231,-0.21153557577217538,-0.38688308480984046,0.275723816201455,-0.0646609882797068,-0.4981040894574866,0.33768827380042776,-0.174252002519318,-0.38371967608276003,0.2712330575953796,-0.20950483310036297,-0.29444225340298763,0.22958190991373073,-0.20873930371004143,-0.3921145757474832,0.13538332879537296,-0.07835314553865746,-0.5005791388433213,0.18116613461790854,-0.18569694041080043,-0.378100444765527,0.14032331347139718,-0.1782521023121451,-0.2844217882470743,0.11523364692046907,-0.14499303787007073,-0.3691576815634231,-0.003400489137379976,-0.10044495909147144,-0.4543698386311487,0.029517337233671396,-0.17594837919747036,-0.3680914956591108,0.023183560080031855,-0.1690389372608706,-0.2945203622604464,0.016231320998616156,-0.14598082701568682
1,0.0,0.0,0.0,-0.16813754389582464,-0.1316115882504831,0.09699067892103612,-0.33073273603777653,-0.1802817194615866,0.12024522805600689,-0.45915919100029773,-0.14142651297007905,0.11993044730528252,-0.5452685610901545,-0.061719529473582245,0.11220734635429785,-0.42031375485629924,-0.3180570535675203,0.05193009573398846,-0.6331249914439797,-0.40458532730682917,0.034250930523863535,-0.7507824472526428,-0.4730932942297242,0.0245433422313557,-0.8419705661070661,-0.5392826355593693,0.01611846126300798,-0.4280480840738354,-0.24856362496899015,-0.006250253685652088,-0.6499643075052328,-0.105276105057118,-0.017967269944557475,-0.5892510016957425,0.0006801383159762299,0.005066489373553437,-0.5159108651535415,0.0021386069403950014,0.022560116256962127,-0.4225882917564144,-0.12837552702613006,-0.05691513253436653,-0.624492400902327,0.02158599513985468,-0.05872574203910593,-0.5551208573889727,0.1055959618086967,-0.011028195490943986,-0.48599699218497366,0.09359443331656737,0.01763636489592636,-0.40607127503361723,0.01594032196107336,-0.10117992091679916,-0.5611669926862827,0.15464664805527908,-0.09992170625089668,-0.5038337385975606,0.21357576628026645,-0.06096861690682446,-0.4377425892603818,0.20658764735373675,-0.03001653765224046
1,0.0,0.0,0.0,0.19057264034180824,0.009351797575240937,0.015207703701252477,0.33832263952002245,-0.06198401858013956,-0.013766928776793148,0.4424951298466799,-0.1041599380811791,-0.06344792308274073,0.5026853014051047,-0.1346595527566461,-0.11296077643065915,0.35615633595681484,-0.4584871589534241,-0.001972502981553262,0.5091008102731567,-0.5575382394514545,-0.05756477812960891,0.6095963357359307,-0.6391397315916765,-0.09356685461560671,0.6871967527932022,-0.7161786698474776,-0.12185538890823135,0.2928685231327204,-0.4942945936702185,-0.05837051051380102,0.5056356411333515,-0.3625237434961122,-0.14592663803137848,0.44819506704899403,-0.19709507748011018,-0.15938081855139663,0.3699853040451819,-0.1664434307567976,-0.15141936950982673,0.23829543458910546,-0.4675169071260199,-0.11660246152250318,0.43771534717670524,-0.3056304098452199,-0.1962284269387328,0.367913715173891,-0.16359744327827355,-0.16544293253066028,0.29363397592321344,-0.15736928135765915,-0.12877554019757484,0.191544034264272,-0.3959179621829633,-0.17614961152058548,0.35525440091511357,-0.26526014022358363,-0.21742527039326642,0.3093501366498559,-0.16283999956978348,-0.18478840174143168,0.2434195609484703,-0.16237453607887484,-0.15264899778096475
1,0.0,0.0,0.0,0.20147224186446008,0.11722080200413883,0.02965733825571561,0.39403436929563657,0.1322100037313587,0.004346582136984186,0.5270145130138189,0.15090610090468232,-0.04576039968007859,0.5773439878829981,0.1411973766891747,-0.09712640216155097,0.5473378714988844,-0.26342443793031006,0.01823980408522504,0.7401383534134337,-0.21591143509035526,-0.04895068696381223,0.8754938911036756,-0.17898698376261798,-0.09468265739235418,0.9793039639632043,-0.156134762224357,-0.12878541140633298,0.5042006005254014,-0.34005301729661824,-0.053924877654430464,0.713348334162079,-0.07271290542060135,-0.1568848229194551,0.6001762980306109,0.0935732892487618,-0.16978217877491988,0.5010157095487459,0.10981085366100377,-0.1549192426280163,0.43759385490356495,-0.3529770235587181,-0.12974689287083244,0.5919901547748411,-0.0672670818578928,-0.22058679065895145,0.4688779099564706,0.05101985285252923,-0.18447732361232652,0.38755618088212995,0.01969224891013586,-0.13978236475348935,0.35419062864076667,-0.316400264701597,-0.20647476719839913,0.4660240604044506,-0.08202247029609819,-0.2490492793940897,0.3860672513369964,-0.00469547852565208,-0.21047930009140636,0.32101685453038287,-0.0500913532675683,-0.17368510244415905
1,0.0,0.0,0.0,0.12199417837276398,-0.15034948305505832,-0.0004917890038744717,0.18779751731843647,-0.30315603394768736,-0.03406962372435744,0.24525025394798533,-0.41571174421190993,-0.08288761023837385,0.27421423276055173,-0.5297439613639809,-0.12721019389342977,-0.011619429351775493,-0.5698593151016554,0.00818009645290321,0.02827966832656763,-0.7497905061562238,-0.04117262868520711,0.05414885151352173,-0.8867876544418418,-0.07054392767401184,0.06583742857078875,-0.9935068722422657,-0.0927875412249762,-0.06156131122026662,-0.5571915329320287,-0.03534958867024027,0.11915602339078268,-0.7019112887210817,-0.11812001861309158,0.19687513899748005,-0.553764266616007,-0.12717235150418493,0.18866147625497692,-0.45433955067178355,-0.11218651114372409,-0.07832633705408093,-0.5140307747869503,-0.08416118337954738,0.1114288157248677,-0.5943405082114324,-0.15557113982760773,0.15225782414288816,-0.4459558271858027,-0.12769538997818122,0.11309252501427794,-0.37363739917636074,-0.09191968425601832,-0.0674687914545489,-0.4439870544898121,-0.13585707088465834,0.09050311240740226,-0.47418813805020593,-0.17347703016788776,0.11005719254156732,-0.3661893003160852,-0.15020193913196,0.06160682861743891,-0.30977668463468616,-0.12431689749014004
1,0.0,0.0,0.0,0.13060124037253149,-0.06281031192777427,-0.05094413411069874,0.24966344393403636,-0.23892489393727875,-0.06992899314653553,0.3087729806349913,-0.42759428986518333,-0.09119067324904162,0.23452023304738867,-0.5389763187474049,-0.11301913006617546,0.19800175231214265,-0.4806687564192769,-0.023903232663904057,0.236165698200067,-0.7037932992075804,-0.06904325344976361,0.24730480714668351,-0.8387433944853153,-0.09477583587551763,0.2525334402450443,-0.9608522982834917,-0.1139724635222669,0.10928448116054319,-0.4884160515437931,-0.03444029454440393,0.1487932250623254,-0.6751320576975376,-0.1326127217296021,0.15677496843107025,-0.5298286450120046,-0.1647033491847147,0.151996389412767,-0.41153163255716807,-0.1566202039076075,0.01713198652347248,-0.45986150855212937,-0.04959727379974929,0.025458032082069065,-0.5765336562864376,-0.15535364922001768,0.04980242373466882,-0.39596167267453636,-0.1467166024983765,0.0619944536750738,-0.2815565191049089,-0.10725204584739323,-0.08084457033290056,-0.4087609871268138,-0.06761342794106318,-0.061692704675483934,-0.48618624634305924,-0.14167490592545626,-0.023495807111625876,-0.3584645587183318,-0.1273983218619883,-0.0003773440208495277,-0.26968003188890327,-0.09545639391574887
1,0.0,0.0,0.0,0.15199770032142934,0.05674675925539051,-0.1762415066819759,0.3305808450766854,0.04849751075718503,-0.30229465767187214,0.2950896836242,0.08253477348667997,-0.4102808459792893,0.18180910268468842,0.09686630498850743,-0.5079460762184773,0.2798811995971646,-0.5198036067330031,-0.25344805317322283,0.21948581094439568,-0.6120811818130613,-0.44722181257056326,0.1413371527463613,-0.6740820385934454,-0.5615398501323831,0.06626466289235272,-0.7739788773612232,-0.6297346201777568,0.08658752863575045,-0.6931947340575976,-0.22986932853752645,-0.00992142425012009,-0.3520597745950944,-0.4196986525834181,0.05095237980850995,-0.045145470434333035,-0.4475548167462947,0.13891182869405905,0.0035895393993330576,-0.44085354821495554,-0.09845255106856574,-0.7126959284607056,-0.22818675864137736,-0.1765236447450695,-0.3351625980937992,-0.38800192331866873,-0.10226965815314211,-0.08303098708472344,-0.33779229766631197,-0.013887181835803316,-0.06190353626553114,-0.27666478037812275,-0.25700133877569975,-0.6697334418939201,-0.24699117161873926,-0.30304590268631554,-0.38822271101330985,-0.36091691922666824,-0.23714539080601335,-0.193966407029522,-0.3402620460063013,-0.1586953736179477,-0.17736482290399097,-0.29699492558212304
1,0.0,0.0,0.0,0.2243463921657577,0.024407211828961547,-0.13673514709916282,0.4426792339465501,-0.001845492002177181,-0.24843675075019864,0.5507593979350781,-0.02961635664717734,-0.35597746025552524,0.4823675991030112,-0.09612584645305042,-0.4607752241249252,0.4081314844417529,-0.7544083575216824,-0.1685916088880231,0.40021682978513995,-0.7230076127567252,-0.3267834165308914,0.4400304965779601,-0.7024779451462526,-0.4374041872166328,0.5112904653356235,-0.6976586276411539,-0.5018510728639954,0.22130550708337732,-0.8910311514191555,-0.16975283406831174,0.23364748622467682,-0.527070504807886,-0.35297358556388425,0.2527266713742597,-0.1970646679826925,-0.415862090119048,0.2913608785048334,-0.02180836307484783,-0.4254929131136453,0.023273618753357657,-0.885694925990731,-0.1856629513349858,0.046951451304006936,-0.5132274584710185,-0.3503337817378865,0.07479834774440274,-0.22259758352496867,-0.34949097353999364,0.11767703178660574,-0.08248947046948624,-0.3089724657059815,-0.15750655465069355,-0.8018447725664124,-0.2161821178741335,-0.13207879193226316,-0.5431906376721675,-0.3212918402773885,-0.08139694848580004,-0.31623828085689787,-0.31494856095674506,-0.02571019415371749,-0.2141763854013709,-0.27803802479299944
1,0.0,0.0,0.0,0.12401384670009988,-0.0027857887812927176,-0.11160824315054707,0.24878348800998906,-0.07876978674496818,-0.1836732890745327,0.2594954894556262,-0.18111479373780096,-0.24537834968477473,0.16872626231107893,-0.2257938810176507,-0.3040540258907526,0.1761085566113927,-0.472761181846595,-0.14750648741567263,0.14758805560550262,-0.6619524645445497,-0.23689173837128263,0.11409009476325525,-0.8097459146100328,-0.28920740362543496,0.08008333672247078,-0.9427203474623956,-0.32382866713707636,0.07050886569586151,-0.533715021873182,-0.1306930109275497,0.026595962271091098,-0.4228483513565315,-0.24439872660013204,0.0463897730540782,-0.218594501792597,-0.25913472179115626,0.08648122704650402,-0.13811113315635049,-0.24628602954429,-0.03488163822545727,-0.5254581461939227,-0.12338015448126466,-0.0764333558075226,-0.3888419610766422,-0.22656117392915667,-0.042141927848781784,-0.230921755060153,-0.20132953562416453,0.009636070976558652,-0.1736144941602334,-0.16132365499504522,-0.1320914849130512,-0.49222157140795314,-0.12771634274910976,-0.15389653406188544,-0.401048588770566,-0.19992668870429126,-0.11388971104547216,-0.26653930582200175,-0.1834272570356304,-0.06512240977390753,-0.21277652443021405,-0.15133330385858185
1,0.0,0.0,0.0,0.09965602569898335,-0.040767702463572315,-0.08137777042888379,0.18349295267936847,-0.1686910171887087,-0.13127989019473288,0.18310931198441963,-0.2862139164240598,-0.17691180274480423,0.09700480597197808,-0.34492479375869,-0.2211228696889582,0.13375350172204095,-0.48550672136398854,-0.09855205332778146,0.13212339114951746,-0.7002735175081991,-0.16911461163059902,0.12165033839968939,-0.8384471011916909,-0.21403050963741876,0.10706454304866912,-0.9634412499558557,-0.24559751933860874,0.043967567038328714,-0.49652878134257683,-0.09470586209104785,0.03169484966828304,-0.4734899255154683,-0.20570597362588516,0.04431859344246011,-0.2867914712234244,-0.2328472240631487,0.06424983079390204,-0.19987962058730327,-0.22742660813562066,-0.041870488271045676,-0.46564441693338543,-0.09708931245075846,-0.06069056478724877,-0.4198467050055196,-0.20149190526809782,-0.03072978877653936,-0.249881032749641,-0.1823789443674428,0.006283364581040702,-0.17437645310476302,-0.1433061985447415,-0.1204385161730387,-0.4195929577700486,-0.10670303903438189,-0.13452464850936882,-0.3941124994974109,-0.17847759068821553,-0.09914671932299596,-0.2631242869911231,-0.1592693537805892,-0.06093529276204925,-0.2027707768068778,-0.12457290221407455
1,0.0,0.0,0.0,0.1102417498674128,-0.049055944701415985,-0.06842258566058691,0.19479325315258167,-0.20324653489689917,-0.10421392292019524,0.21343247341345647,-0.36314533405678756,-0.13714891748292873,0.12695305930928866,-0.4361550422427099,-0.165480220229612,0.14945571671036562,-0.45752696473601395,-0.07403047431424765,0.14994838397979474,-0.7005051163074042,-0.14078208784062773,0.14058952615141193,-0.8408868135462222,-0.1735616239992183,0.12189677448235983,-0.973146466237817,-0.1952617003399437,0.07118198765689855,-0.44156843839983195,-0.07585390415788319,0.06843736066248117,-0.5252978760836438,-0.18158316249174078,0.08332815644083387,-0.33238279151859024,-0.1927695179563999,0.09954806167218277,-0.25144092483186964,-0.17414640169652779,-0.004855978544561026,-0.41031449165110767,-0.08572394792812843,-0.01760466357362311,-0.4683628956529032,-0.18678505200593604,0.01272401823167851,-0.2936527248303339,-0.15606433900667532,0.03876758696740912,-0.22453115773078847,-0.1088372014364269,-0.08162137380169295,-0.36742569208107984,-0.10230189320945154,-0.09171431031938011,-0.4021801694283796,-0.16724642236034182,-0.051418422080344195,-0.28335455981543956,-0.14422775896173903,-0.01835016551623387,-0.2273708856307811,-0.10985062046146285
1,0.0,0.0,0.0,-0.07906417481260042,0.2162794356472524,-0.002490256481779563,-0.1350266736094617,0.39311948107650474,-0.05242235930260054,-0.12870426270763224,0.5292438149745181,-0.10769652261114056,-0.09093842025683424,0.5800224589764693,-0.16551758144441028,-0.32364347546138444,0.36654893086722207,-0.09410804012587415,-0.3506471082562902,0.6032811088404885,-0.17215276273893765,-0.38253237987925953,0.7515532357678173,-0.22209600637846025,-0.4203318477807154,0.8690119746024846,-0.26103510441842903,-0.2957853266071313,0.27645263399750264,-0.1351106730009791,-0.17804890929663814,0.5591836849104088,-0.20870935921495598,-0.10571131173628075,0.48823142287002996,-0.20275222232718337,-0.11426465149342867,0.40092645149398864,-0.1968869357951083,-0.2225988309988386,0.1980388679325782,-0.1772014444614703,-0.0891287596396104,0.4475666039127597,-0.23626171888186895,-0.04660727052844718,0.3805262127893336,-0.19269722116669996,-0.07392319866361524,0.30048921320647154,-0.1610087038698774,-0.13442174596887949,0.13779094176876522,-0.22115387412642812,-0.04604389964875172,0.34578715660463366,-0.25768695550688503,-0.008560527507042838,0.31257595167058755,-0.2263005509046403,-0.02049210971480631,0.25151424003016504,-0.20140662597616416
1,0.0,0.0,0.0,-0.15109490072886547,0.21293949384653796,-0.02677597452445791,-0.29975513571090956,0.32530986226206693,-0.07279671172584737,-0.4017049789567511,0.4027447656803827,-0.12986469976209974,-0.4950199073966857,0.4224646023480717,-0.18485190474787513,-0.534213647746926,0.032956259114182075,-0.04471410622410874,-0.736217266449642,0.07134959616706325,-0.11932785354189032,-0.8636278412261696,0.0823502588391196,-0.16755069920879465,-0.9760204545398264,0.07334190116782481,-0.2049513060533147,-0.4925378016018675,-0.07500596115987213,-0.0849426547481675,-0.5864563515480302,0.19350830980919773,-0.19630155148115006,-0.47426760062968304,0.2878423732105762,-0.2179414562357199,-0.38975032288169426,0.26706504830880906,-0.21308640396050404,-0.41771894540741566,-0.1252419627317182,-0.13193790066560215,-0.451765440550002,0.18300966197340612,-0.2251407047881164,-0.33701504504989677,0.2262662530013434,-0.1869721916691654,-0.2738372921754582,0.1656533309805433,-0.14373856835103258,-0.32257002247514666,-0.125845348217807,-0.18512253134008577,-0.3517002181163721,0.1290863767705045,-0.24037903530478832,-0.26962893508189045,0.1738549128107182,-0.2086120226674417,-0.22213861479541197,0.12368281369158424,-0.17257471240122302
1,0.0,0.0,0.0,-0.20449436071885901,0.0017643235034499785,0.005865500872353172,-0.35425344415615273,-0.06936050333370487,-0.021674918368468927,-0.4637134865916804,-0.11641290074683724,-0.07101134330550946,-0.5292837966132332,-0.20544148056343495,-0.11813378348190942,-0.3146555163606019,-0.4970021953670902,0.03810129545105238,-0.44146891048575193,-0.620069272886605,-0.010429154771842163,-0.52567402340418,-0.7126631207633282,-0.04124171564370873,-0.5901298193753053,-0.8043274451829847,-0.06931202788464766,-0.26967343677397104,-0.5330419964935501,-0.013464087958280569,-0.507994452972096,-0.4220237596653959,-0.10197224425927336,-0.44998373384415435,-0.24667632944637807,-0.10924969307588864,-0.36111786348088953,-0.22158285249778925,-0.09312909544805408,-0.2341918067707773,-0.5200196413763498,-0.07375478722676151,-0.46613858872478203,-0.38323298045014237,-0.1598689439379562,-0.40250319575571425,-0.2231399042678503,-0.11726738278019784,-0.3191440805848118,-0.21076747286592898,-0.06757091390206021,-0.20812207310219127,-0.45783103709976847,-0.13811436723647738,-0.40134400516297414,-0.35487903001078575,-0.1977174451717553,-0.3660775309888715,-0.23494913700721706,-0.17022448940109705,-0.29656208803527945,-0.21483372378991542,-0.13453868702822339
1,0.0,0.0,0.0,-0.14983100084787437,-0.15464451234364016,0.012787245941999838,-0.20071130094452266,-0.30409030900651407,-0.015774937594891476,-0.24632971187406463,-0.4380197509225536,-0.06208952942371401,-0.262455899874924,-0.5598432158290757,-0.10720353610893636,0.04734962859527262,-0.5652090550969628,0.0329050899543265,-0.0012099813742557398,-0.7628579277415626,0.004949119783918119,-0.02491621732755423,-0.8918761263571847,-0.008991437727694807,-0.025526380756594965,-0.999384303165704,-0.02407111280081571,0.07754215273228605,-0.5611344202571973,-0.008788082591583826,-0.13184779850029704,-0.7079001312883458,-0.0633724450832119,-0.18481337393786068,-0.5692228827046677,-0.05746167258782613,-0.1411876792864954,-0.4815559131154909,-0.040449312041403944,0.06398450623700976,-0.5356619680865023,-0.05613816603733383,-0.15072764613221687,-0.6534378725045474,-0.11201347070869858,-0.19270862897196875,-0.5159937175462251,-0.07871948195480008,-0.14251993547490416,-0.4387622044745573,-0.04509918054500614,0.015528571222415806,-0.4979341347116792,-0.10550246754932815,-0.1597019131176805,-0.5927080664849452,-0.14765035385952383,-0.19544478932719633,-0.4793294879553575,-0.1292794985289128,-0.1624845180917853,-0.39112609402398296,-0.10578293746788546
1,0.0,0.0,0.0,-0.012582057176813667,-0.27279330346171937,0.029253872294026016,0.06477847465003152,-0.4516683554445734,0.028994464218903736,0.14480852156452223,-0.58457771341409,0.01830087582698378,0.1948914166696676,-0.6802224940691406,0.007070131089677301,0.3244163080779363,-0.40952226850865114,0.0031884385460687254,0.4393678028496672,-0.5963344915802581,-0.02804743744182514,0.5101438856483047,-0.715514724712606,-0.0521363800061051,0.5809450098944948,-0.8105229445124795,-0.07453490388740983,0.3250933949472684,-0.36967188954473457,-0.03095682532678075,0.3168110873857257,-0.667281146557877,-0.07760680600366279,0.20796353618481692,-0.7045693136417767,-0.07760742599119279,0.14806366780000352,-0.6559697916278856,-0.07210716125398792,0.2698818420209089,-0.3624615253008892,-0.06420899645385934,0.2432920587812571,-0.6634467807529187,-0.1163469082745525,0.13555673496584755,-0.6636046507483588,-0.09177616735206222,0.08967451244435208,-0.5830845414955326,-0.06543464375322824,0.18003736226345846,-0.3787284254364051,-0.09503135895248473,0.14510018789326257,-0.6510169078322459,-0.13674604797989034,0.0605874799205082,-0.6467057867383761,-0.12181082057219433,0.01609402946617955,-0.5683681545642743,-0.10230730577968486
1,0.0,0.0,0.0,0.12660689928221905,0.04237672992702999,-0.09229988288755836,0.24611815135185877,0.008292351079066845,-0.1384493939522915,0.283085528184369,-0.08768942382119616,-0.18252292837292833,0.26729752432428644,-0.20726405365257877,-0.22589264229819261,0.43232083219575274,-0.2770621759089567,-0.062486009631334286,0.5900822001773598,-0.412451982766471,-0.12802581281021,0.6886061056105558,-0.515454215269629,-0.1713252176472682,0.7692700236935097,-0.6068578046725914,-0.1998680453563045,0.34458084814396894,-0.38226279247874334,-0.05907922323612912,0.38634600436138655,-0.4957859700625657,-0.1825975658428091,0.2734751405169714,-0.36747664629231025,-0.22511777324166277,0.1952605540413867,-0.24191524344750448,-0.21824310026619945,0.24343238559287253,-0.446563810850385,-0.06527454734108705,0.23699021555714375,-0.5034943938607581,-0.18942929022926308,0.14486359908135454,-0.3573791135638995,-0.19553883547187453,0.08880364194488015,-0.23682790617416125,-0.15980059085967455,0.14339967926919872,-0.4761700203826158,-0.07807034785118007,0.14373258013221787,-0.5641975115178506,-0.16153474366713982,0.08349907709737397,-0.4646377918130831,-0.15330291105440433,0.046225558463040994,-0.36734413273944394,-0.1202129359927419
1,0.0,0.0,0.0,0.16879318821311443,-0.2095090195295257,0.04032757355799247,0.3832320519626572,-0.2206324665611777,0.04316066555459414,0.5461793516761997,-0.14691743846982155,0.04206383054213225,0.6546922052635701,-0.06573648098270465,0.03808658669292722,0.48658137034952215,-0.17568453422505048,-0.07264162591935892,0.7357764378305266,-0.1376996591556886,-0.10262905658379744,0.8768230553486441,-0.11084870762066615,-0.10694508129316145,0.9906403490370057,-0.08583390530470988,-0.10613312187993788,0.47237636969018876,-0.007731983836101385,-0.09919950439785616,0.6983573751194837,0.1000803246955981,-0.11549345066183882,0.64033988386102,0.04337856847619378,-0.0716601999386817,0.5524487670092199,-0.009846288262178138,-0.03419278999503341,0.4239568979441715,0.14490781785741974,-0.11588618754116793,0.6166318831322191,0.22141341268398457,-0.11301800129089343,0.5649240077403436,0.16621020241487477,-0.05066728842815062,0.4874907145401491,0.13713945050810938,-0.007428600804759733,0.3654269513992155,0.2658987546378834,-0.12904494901109564,0.5284233038850308,0.3184294009501163,-0.095954356932183,0.4957495283989884,0.2678496581073163,-0.03415145501459015,0.4302352467290957,0.23822080909614898,0.008832620981321513
1,0.0,0.0,0.0,0.11130381669135785,0.13204053522943918,-0.09439456190023195,0.24462036029427095,0.16787108116024813,-0.14187857197977818,0.3487377432979896,0.09232714830875771,-0.18895779291496367,0.4419674372655741,-0.017389850153906188,-0.2335973524114214,0.5354549768154608,0.06736228755761058,-0.06013310946735288,0.7427014208781753,0.04096498005615183,-0.1287499021189347,0.8699779274096202,0.009627440763382128,-0.16933058977374113,0.9806312308725479,-0.025590700379266803,-0.19418420402156866,0.4937064700032015,-0.08750300731402103,-0.060548523761585545,0.6214435504071089,-0.17530123662407815,-0.18682918892866673,0.4633394256559775,-0.11734859040511945,-0.22501722631950802,0.34355073244318934,-0.04908057072023014,-0.21266225468201305,0.42597369089747333,-0.2223915563733649,-0.0719914818382149,0.5006217093893478,-0.28297260846134964,-0.202375107298113,0.34788997044822906,-0.18355746250388777,-0.1961859090547853,0.2498680862911965,-0.10739768003347842,-0.14879877407523648,0.34238220278939246,-0.329540950229897,-0.09010572607523311,0.4543352408976459,-0.4202597931781022,-0.17285122833950956,0.3699504082657948,-0.33693820755997966,-0.15066574316539644,0.2967887481256084,-0.2548463404020086,-0.1067081202129475
1,0.0,0.0,0.0,0.13504200586191867,-0.20988583635182054,0.010694918258424514,0.3367255914473256,-0.2631116631451464,-0.015950829448015656,0.5115482698468861,-0.2129335873427947,-0.041913963813456044,0.6217535459217531,-0.11092624770940057,-0.06760133466798093,0.36887178637023954,-0.3093637831463741,-0.12665170486193938,0.6124306891994477,-0.37810775738193375,-0.1824844125663624,0.7575549928155931,-0.41366218911308866,-0.20514536436989766,0.8678666090107576,-0.4465226444984062,-0.21777299399677366,0.3718950096249768,-0.15531497881078055,-0.1524705927191124,0.6251699320104376,-0.10327678979973978,-0.20180939250441335,0.574452246010874,-0.08216232375017708,-0.17872519743470547,0.4980987613188081,-0.09243968491815757,-0.15382087655691631,0.3601262502409239,0.005967989711478955,-0.1686768550156601,0.5881296947066519,0.05604843393832093,-0.18841854681129286,0.5362059152014458,0.04017355573941689,-0.12638281855475603,0.4606264523617027,0.014178309863429788,-0.0796104528842332,0.3392402836234053,0.14338347350257594,-0.18470926599607915,0.5321661091588312,0.16452534350500267,-0.17310359208952975,0.5096994218199866,0.13536442175632915,-0.11679398170248428,0.4582443058351898,0.10767923882209146,-0.07424601426217159
1,0.0,0.0,0.0,-0.07387884769563878,-0.09768196326410003,-0.07226630313817879,-0.10883021109709132,-0.24913873402330375,-0.12357760223139212,-0.04158566708981508,-0.32823030172018103,-0.1723930190809456,0.050605483100658474,-0.38069585960105307,-0.2170822615494208,0.011105544863976248,-0.5183764553705781,-0.08642812198602419,0.04658696734113928,-0.7161496489031569,-0.16834666628498693,0.07345502226867566,-0.8415854610047373,-0.22270448022394856,0.10654489361965873,-0.9591005501789329,-0.26224858491523617,0.10392528522316902,-0.47873596089677706,-0.09067870034483723,0.09603176772265304,-0.48326259885326306,-0.19392491284897598,0.02748709392713968,-0.3320768964356137,-0.2134639397758586,0.012097202699992171,-0.2897711328149043,-0.20823355011175565,0.1758985822495133,-0.40051256366231375,-0.1050785435701182,0.1597118770363146,-0.37730852206898124,-0.19521673928212682,0.08000009955136175,-0.2520503617129569,-0.16462323543581517,0.06942165598169235,-0.24165363683827362,-0.1261986587083607,0.23353212368789378,-0.30609340300910315,-0.12827769404055667,0.22183391337516334,-0.29808471689518296,-0.18163905915383294,0.14910545778420245,-0.20453249429546813,-0.1537369053081607,0.1354875240996184,-0.19041223073583272,-0.12050294224697483
1,0.0,0.0,0.0,-0.10042423896194723,-0.0068632658696133695,-0.08113473141068367,-0.20138819864644017,-0.08610163454680554,-0.13915923215540252,-0.22404700134641847,-0.19158782227745608,-0.1951596991319539,-0.20401647579952661,-0.31851096747749424,-0.2453378712624226,-0.28354565038567664,-0.4342891359022062,-0.08520466856298381,-0.3807848043146697,-0.6023706713846522,-0.1755084468730579,-0.44248098499463784,-0.7196280623735826,-0.23081039928838357,-0.4917202713289539,-0.8284246517653645,-0.2681860755363977,-0.1922166426362841,-0.5242618708038224,-0.08575271400591361,-0.22450368561753803,-0.47304008513877605,-0.190025413649806,-0.18126192665633808,-0.29921279036026355,-0.20268939656057272,-0.15657772840335832,-0.26466884840422655,-0.1897592333499298,-0.08895243382645882,-0.5421008630479636,-0.09867278541823306,-0.10445194457266886,-0.4325883314914254,-0.19006365710722775,-0.08864862611468101,-0.2670294051436365,-0.15266298238047502,-0.08096245312394486,-0.25842973391686747,-0.10740827847047028,0.012155939897335965,-0.5149804641503894,-0.12248207744467236,-0.0019361986463738543,-0.4181530231695452,-0.1752945007486005,-0.005171215789908333,-0.288534711242312,-0.14706423099958463,-0.003785502450958541,-0.27923838980260196,-0.11191636178725081
1,0.0,0.0,0.0,-0.13279799099808023,-0.015522568025511042,-0.09424968237977244,-0.25275692974690656,-0.08016892902031085,-0.18075502044388086,-0.20211233768246847,-0.08067657712993695,-0.26287684153703245,-0.06341405293152387,-0.06768487004852872,-0.34009753293892986,-0.20156513146287997,-0.5127437262072254,-0.14670739381343947,-0.23238235788253508,-0.6529737936500117,-0.2548915307659594,-0.25798675215011513,-0.7682769316368302,-0.33114180423821493,-0.27634411783445106,-0.8774218758718862,-0.3921285252053966,-0.0427036232745431,-0.5995408267846439,-0.15470624100934235,-0.08661269628607529,-0.3402863273100501,-0.25773392255218486,-0.11898478811249596,-0.13682781255797136,-0.2594456045445389,-0.1187145744719935,-0.14231926766676647,-0.25067380818374685,0.09989727067616404,-0.5425921650748726,-0.17677194352694425,0.06473139805981662,-0.2294128395455302,-0.2556309070229901,-0.0033785715044470097,-0.10057816786174266,-0.19433381363989938,-0.03336782351406457,-0.1284212422395383,-0.14674231821854727,0.22073820082032367,-0.42128966644158544,-0.21543263786351216,0.1780201615751218,-0.17661297405825932,-0.29360330311761434,0.10842148561229441,-0.06959344159252867,-0.27108787380106886,0.07101178432478186,-0.07909356625664717,-0.23883565763542364
1,0.0,0.0,0.0,0.14108725090775123,-0.06275032441948059,-0.054736163832155384,0.278434304149433,-0.2386753192640348,-0.0776602565005921,0.34946853019606383,-0.42370323918181296,-0.1033620543964937,0.2766703332253309,-0.5061502828131459,-0.12851669638618474,0.17933100950274408,-0.49183698054319797,-0.02269992102663394,0.2098407378782332,-0.7137802028383508,-0.06514231211939508,0.22212924002122164,-0.8475555370571645,-0.08614596337947543,0.22525514659190082,-0.9690760366486282,-0.1007559136093165,0.09585127595737558,-0.500880094052327,-0.030658570824328584,0.16025441207334784,-0.6612134555094134,-0.12648586573006232,0.18878006108799866,-0.4849171775594396,-0.14857440095775165,0.18809650707286638,-0.34715553425437323,-0.1324143931355372,0.00787758737766561,-0.4827312341697808,-0.04510676650976194,0.059096317474312134,-0.5849298242800531,-0.14627747467174457,0.09305814174447936,-0.3987198736246816,-0.1331325786105405,0.09550279836185069,-0.2685583428232838,-0.08938535087271565,-0.08834784000699258,-0.44347867266905444,-0.06354968228264872,-0.03251219320925282,-0.5474855281164615,-0.13016314840182433,0.018122433704070247,-0.4267700865351154,-0.11309072034172515,0.03498769604206933,-0.31702790396837743,-0.07920409547712305
1,0.0,0.0,0.0,0.12305632847547561,-0.10559515193658436,-0.03847038066728058,0.232482504648573,-0.27151035898587345,-0.0661798220752633,0.3007741407466598,-0.40991390611314343,-0.10436848901987787,0.2809207067576046,-0.5286291343355096,-0.13905604723597217,0.06609861689458095,-0.5319306901570617,-0.0034132196832143387,0.09607450989915521,-0.7376046957896969,-0.061708930271321426,0.1295736660488909,-0.8651719012366555,-0.09899544279899339,0.15962703541423862,-0.9797089067056369,-0.1212009392971314,-0.004461556881411859,-0.5307701297010954,-0.022924456943242248,0.12205505606088284,-0.6455440394212506,-0.13080600353032515,0.20432572116653955,-0.49523747547093855,-0.16308473218659544,0.22834605013781947,-0.365447882524874,-0.15594525290988137,-0.07087129124398445,-0.5078886845866485,-0.05129713527371412,0.0641397515780577,-0.5892757835418237,-0.15984364941499118,0.12386418968618806,-0.4061269809363727,-0.1495544320892574,0.12486914479181639,-0.27087050307253013,-0.10776896471962574,-0.1361723957558263,-0.46207423668325676,-0.08376352966968585,-0.00842268732906733,-0.5430873793411247,-0.15596253591876028,0.04624569568529018,-0.4193023442040301,-0.14250284792580348,0.04552123111081342,-0.308951020103189,-0.10971758609494565
1,0.0,0.0,0.0,0.1361043023915502,-0.17036024159068172,0.025653964132248342,0.18205299920924248,-0.32774943790065675,0.003025869331907601,0.22490847833272404,-0.4422496651739002,-0.04150957686865411,0.2624099026983099,-0.5218983239775554,-0.08592557989819644,-0.028767344296405938,-0.5514704532159691,0.013793934164894897,0.041017954563277344,-0.7523559916293787,-0.033698311359079546,0.09501936800177271,-0.8838323898887298,-0.06495655167824171,0.14168439173727493,-0.9861089774385726,-0.0866868949328056,-0.06722142273430297,-0.5298443640613526,-0.038005828654519735,0.15774217999563067,-0.6295163294246942,-0.11657250650419645,0.19504458497007585,-0.4754950574040156,-0.13049879574383896,0.16005106392152502,-0.3788511160370914,-0.12060665680108083,-0.06064342328016181,-0.4842789704641116,-0.09071362163225288,0.16572541620974426,-0.5497253161631174,-0.16005171293535153,0.19004445161540678,-0.3973675551133957,-0.1360929285265199,0.15255477104606727,-0.31445108453445286,-0.10198263696011288,-0.025067512640192472,-0.42191575083212396,-0.14336246119936152,0.15299290841781335,-0.476313550883847,-0.1752294532533222,0.1849746592411776,-0.3618298453011403,-0.14534891540378875,0.16405118846654734,-0.29022876799825653,-0.1135531452320065
1,0.0,0.0,0.0,-0.05482314092575563,-0.18075341382520435,0.05367139488642109,-0.042178785314018995,-0.35856607508150673,0.04862008828932885,0.027876075583193726,-0.477120634106449,0.03140006629428423,0.09825765865490316,-0.5273827193083184,0.009057701276910338,-0.058815759773647475,-0.49861629164483284,-0.04535527147604428,0.049201616976206966,-0.7422464948674662,-0.06747882052183554,0.11582131576959324,-0.8752214584935883,-0.0764762543425429,0.16439124626191962,-0.9828586292005175,-0.0834531794393271,0.01117033614987142,-0.46659610175293836,-0.08325594818705571,0.16013029727753156,-0.5611294716964459,-0.09441341936668309,0.15639204305271467,-0.46632944140609034,-0.07525876264034234,0.11669259176814657,-0.4054211822048237,-0.06525780421595248,0.09955675500119843,-0.4046684612712922,-0.11055790707946682,0.21053426399981115,-0.4534686203363242,-0.10289930933368961,0.19602111017362706,-0.37050264228115415,-0.06206378756715279,0.15957521871872268,-0.3178939460270222,-0.04327673439936597,0.18145168949626747,-0.3399100719387796,-0.13428871721109628,0.2552902431366025,-0.38224166830545153,-0.10298324156335453,0.23807567325775766,-0.3025310716686524,-0.05486409735139356,0.2080733482561767,-0.2531800844184615,-0.025332898122833993
1,0.0,0.0,0.0,0.24764166034777718,0.01852762027587821,0.00046850489279210913,0.44963533938570727,0.011424415610331081,-0.049960696033445516,0.5964987497109211,0.031811337267548784,-0.12069275264134563,0.6716581461490415,0.07126758310410136,-0.19661932600958937,0.5009266183770895,-0.43837971990882896,-0.04055541812541516,0.7079431795209384,-0.20120259680433242,-0.1574387393728034,0.8364389368279523,-0.05984705818478958,-0.24807704427351854,0.9503434056768857,0.05433724113360888,-0.30642270724025383,0.38786545680658996,-0.4954578032235738,-0.1025703534467013,0.5753999064181523,-0.09716551894819801,-0.24247125060877997,0.4482592319005726,0.04313294884979293,-0.2893828273533718,0.34799096168546245,0.029357358728105215,-0.29824122000500153,0.25954231150306706,-0.4683277154620567,-0.1681902337840028,0.43799671130637113,-0.08954305667353635,-0.30262361580711306,0.3196460804741494,0.042159976811042874,-0.29057444500425944,0.238994824020322,0.015083909797909136,-0.2506828906994319,0.13120640922225968,-0.39899859433734136,-0.23423864193816343,0.2901558396835388,-0.12878097488712117,-0.3139609397953967,0.23690088404212614,0.004689479813957108,-0.2821947569899661,0.18585082789394056,0.008436065623582614,-0.2360392088493077
1,0.0,0.0,0.0,0.065809771281874,-0.1772614497701258,-0.051873450389453506,0.05093235456064306,-0.3911837730138242,-0.07656264292856048,-0.024149398544417795,-0.5408643690277597,-0.10336096055321814,-0.11892282243488492,-0.6224003618486121,-0.12877853969222783,-0.05777741215482686,-0.5394113961827193,-0.020559687117790756,-0.083570154803909,-0.7393229603522954,-0.06234067692886429,-0.09855150680894574,-0.8779089951020207,-0.08640702556936944,-0.12225051912353835,-0.9869996810974252,-0.1043381046770851,-0.13740969237944015,-0.4819572793239482,-0.028782815216006976,-0.21562417513567517,-0.6683399340514677,-0.10776296450573344,-0.12825826134461307,-0.5707484145322318,-0.12970790319295913,-0.07349444213809454,-0.465476643173944,-0.12064411231612863,-0.19759935762627026,-0.3918833918119592,-0.04316709724007784,-0.24714626192420933,-0.5424144718701662,-0.13553287486393997,-0.13166055104307273,-0.44364881948922946,-0.12370338685441751,-0.07507468267759107,-0.3474026255568065,-0.08691736129085834,-0.24289764205761663,-0.2742850372028514,-0.06052585286297186,-0.24509477739385174,-0.403057848906578,-0.13352080796672644,-0.1536437473714357,-0.35294336604350207,-0.12419140101543344,-0.10905551061874232,-0.2799427932641719,-0.0973905590272182
1,0.0,0.0,0.0,-0.004782626766592114,-0.19325286352085402,0.028384219947138616,0.06308246684106805,-0.3747479856855047,0.00764918979179572,0.18818089324154305,-0.4756158549901208,-0.026186479966323478,0.3048445812682332,-0.5214495068436171,-0.060275768131864776,-0.03364302888272502,-0.5264105533892999,-0.02422317293817463,-1.7440838620786647e-06,-0.7477171802400754,-0.05049655366063798,0.010031795966290271,-0.8851800275681778,-0.0628483626818377,0.001519969085801556,-0.9972242478735732,-0.07444117910783321,0.003750826753786376,-0.5044825358081572,-0.06863514028175954,0.17478039929564784,-0.669273258762784,-0.10490456325134055,0.204528714505965,-0.5768065542176077,-0.1011971532851958,0.16532554627093318,-0.5086407805521251,-0.09141634188718278,0.0663650070778863,-0.4414576237345378,-0.1079134676307228,0.23276246729045305,-0.5612297924286107,-0.13033969366759235,0.23557445370128247,-0.4777633454494983,-0.09808055172733018,0.18921635583045915,-0.4279941683612215,-0.07333342424283394,0.1357246061469617,-0.361092855495746,-0.14619535626718397,0.2679606957529936,-0.43782835962593825,-0.13586288024307133,0.26196697715257405,-0.37004262183400266,-0.09352675966396694,0.22014506699863115,-0.3229384048869821,-0.06463700243633042
1,0.0,0.0,0.0,-0.09669016279762783,-0.053351777836124596,-0.17650728292007795,-0.24947664210110979,-0.15032015862650974,-0.21093485444654747,-0.4017157888754578,-0.19411801242016954,-0.20905891593021722,-0.5239629337445404,-0.2209404772145632,-0.193804259187443,-0.22747328117096913,-0.49350808756823583,-0.07384864096137181,-0.32946400816075755,-0.669814522720466,-0.08952414716832817,-0.36076966950756045,-0.7905077382711777,-0.1049868281180032,-0.3853128947679058,-0.9152631410881997,-0.11758977715319929,-0.26120884936922156,-0.44349778965394804,0.013789566470062006,-0.42714409512526236,-0.42907453930809647,-0.03719589126242923,-0.41800381577497053,-0.2938642771250044,-0.07683968895556645,-0.36911467499987866,-0.2349160216213343,-0.08346338043961557,-0.2858906721958118,-0.3656465649769266,0.08602351745172451,-0.42265946656847864,-0.3572758856918944,0.013847198253258404,-0.397983474045413,-0.24523259027923974,-0.03314077132127963,-0.3520896772776392,-0.2102237656200156,-0.03702613161884757,-0.28698564411216004,-0.298983079047632,0.14718694947231462,-0.38827059751738024,-0.28304200635085186,0.077866104532464,-0.3740309505895432,-0.20864815166397382,0.04087628082168504,-0.3310373718242109,-0.16575552920704278,0.038257211945954876
1,0.0,0.0,0.0,-0.0959830799187913,-0.23118719804890672,0.04327753575544377,-0.05328673303668456,-0.4176245325899812,0.061221403368772145,0.026293859306207173,-0.4664747238928215,0.06681521350822996,0.10236008663552633,-0.45256301928647313,0.0665336431574237,-0.023954949043107156,-0.5774756734518577,0.035260923622608645,-0.04945074139302872,-0.7573620123274433,0.041375954332199906,-0.06221604822682356,-0.8972851248391095,0.03520119579869036,-0.0683434237405459,-0.9973679443549753,0.02421487155759523,0.09215673472124623,-0.5592364790085514,0.003970072886490881,0.165111630261084,-0.5391156393757126,0.009957428801183022,0.1544492486794356,-0.4553982509659306,0.0026162604390186687,0.12208401030278321,-0.3999010700948406,-0.0027367490486691908,0.19575462508820493,-0.4608142598987775,-0.020822381784348636,0.23969230488934556,-0.4105814505332566,-0.008112060428632564,0.21060427011944502,-0.33655744642933816,-0.004667839397228687,0.17339792747022992,-0.29537323879488697,-0.0077155010580478925,0.27429740099708255,-0.34508890453720154,-0.04368352530263875,0.29741475618276736,-0.26948594190037245,-0.026554183159025056,0.26697716007405364,-0.20632360083800033,-0.009032006592052957,0.23051594656710164,-0.1680100343986083,0.003695417997170952
2,0.0,0.0,0.0,0.07178049854151423,-0.15353325892807984,-0.060898638230827175,0.08636833083308292,-0.3271904691415257,-0.09035808583536029,0.04201876795240084,-0.4555758842900566,-0.1232182696300765,-0.05756402845783627,-0.4848524067439898,-0.15322077032509918,-0.0636882979605037,-0.5363960701511074,-0.03501294807291828,-0.0902264249971841,-0.7389399206041142,-0.08022917560215208,-0.11412364721350182,-0.8566139572852827,-0.11049418335874345,-0.14460581407206813,-0.9637695923631633,-0.13072795186869027,-0.1452872861720403,-0.4931132917130405,-0.04739703238002001,-0.2310634578368415,-0.6992321448025012,-0.10920400634876821,-0.2850363688473892,-0.8241290641846805,-0.1488990947433434,-0.33827216756533174,-0.925634253302345,-0.16962655972477444,-0.20035728709035494,-0.4010221987039561,-0.06726054607423856,-0.23356967170097442,-0.5439415697615637,-0.1613839742859377,-0.1361983725149293,-0.456877014961874,-0.17347200656843204,-0.07353773448118361,-0.374615475522788,-0.1528093415663895,-0.2380141525638046,-0.28018893754050495,-0.09126602714879083,-0.26192243868009835,-0.40784156974859515,-0.16222537185313568,-0.18528761393751184,-0.3790209922161374,-0.15922100188392313,-0.12483991624534632,-0.3236962009056214,-0.13875841909476214
2,0.0,0.0,0.0,-0.14008115176198985,-0.14246649221822477,0.015242361195866494,-0.14819532250428213,-0.3172155235778088,0.03166765025731793,-0.09945242926824183,-0.4303957537907771,0.049452732529786894,-0.0435950798569658,-0.4819044344155155,0.06900773957070598,-0.1059296121970582,-0.49342533857941717,-0.017193332022451966,-0.17396842985982322,-0.7317930338488745,-0.017851772780348715,-0.2071915606637357,-0.8671852018027992,-0.014425387711503873,-0.2248306104818334,-0.9743682195753283,-0.007600609973604963,0.01360041795956926,-0.5056374432450579,-0.010339672381783781,-0.012379619561733541,-0.7451306236238789,0.005688304882707288,-0.01275818531087162,-0.8826182506416554,0.018046089980690832,-0.004445325777384767,-0.985107447277569,0.02756576640886274,0.11524630698488515,-0.45461339127693023,0.00206760242941804,0.0748071361061812,-0.5187608468614752,0.024395692568063645,0.03470192005776279,-0.4561216524028739,0.032955821332363966,0.019206523428703014,-0.38044621582191857,0.042924558895216354,0.18533973515929975,-0.38116052800450895,0.01627969663004522,0.13736454388021954,-0.4091602397757093,0.04137256865510383,0.09459736384661722,-0.36630025469806843,0.061512702092769544,0.07763768994935796,-0.30694820414969476,0.08019030507532338
2,0.0,0.0,0.0,0.1246693117816628,-0.1718733814809438,0.025768405726926676,0.18397121533685837,-0.3182718356642082,0.010636892985704433,0.2454827345159725,-0.42073632946787204,-0.03037692590202612,0.3102138785785929,-0.4895367594882138,-0.06827045604782585,0.021385687967565355,-0.5238484664670284,0.045091468915541506,0.031096649734771754,-0.6893383714628284,0.01035261815567509,0.0233302202345563,-0.8211410539418867,-0.018317235842332105,0.003947882908826169,-0.9347409719531276,-0.040390386103584724,-0.014998525317240618,-0.5107817321066966,-0.011933229721362406,0.01626207863405893,-0.723170876968116,-0.061619026405960016,0.026005254279586037,-0.8660826195603047,-0.09412987641743949,0.013491204294323794,-0.9937659323155957,-0.11066733563072509,-0.020387859079880066,-0.45954908453473636,-0.07097300611392118,0.13345584742870076,-0.6201409574793006,-0.13274128472804614,0.21018241406242505,-0.5074113751208987,-0.12317650745717446,0.21398958162216872,-0.41770886597793067,-0.09673051603638468,0.01490573011551081,-0.39107520066901375,-0.1306571489715789,0.15955902548765968,-0.5223679903427122,-0.1601691683821654,0.20478666957773173,-0.441419883102487,-0.13456024697680685,0.19294350165540727,-0.35447430497878685,-0.10563603067804123
2,0.0,0.0,0.0,-0.11300044635766159,-0.04934734890834758,-0.08230742090272077,-0.17968813113927698,-0.1626791186025119,-0.1410239456948996,-0.09787808539024034,-0.2087544439706424,-0.19766372032592944,0.013064793705598566,-0.22978525214847212,-0.25086827685551943,-0.1348395518975165,-0.44996130516935484,-0.1143859514871494,-0.17963563658416917,-0.6649741600511243,-0.18826082160181193,-0.203814701766283,-0.8018315770621705,-0.23572444291951622,-0.21985025783161063,-0.9300211790256934,-0.27097567885357454,-0.025292324385169897,-0.46430305519807147,-0.12515906546442307,0.004707148836166414,-0.6797560602486037,-0.20378146044926113,0.03837109836393033,-0.8227091047940589,-0.24621378247954598,0.06190492368374018,-0.9604478272603089,-0.27149171540704925,0.05810503061374472,-0.409316904740104,-0.1433912605285169,0.09558586883770087,-0.49504192953330195,-0.24262194876895943,0.07066223989179976,-0.3289968545748187,-0.2449005048585074,0.04210008495043817,-0.20722118263955686,-0.2231376740442856,0.11894772766018635,-0.3157848568165158,-0.16895438417544711,0.14622223548130614,-0.33203139621995287,-0.25332946739593193,0.10598792306480337,-0.21785212957430947,-0.2538015985817316,0.05978805447889757,-0.128640351555075,-0.2376114599861976
2,0.0,0.0,0.0,0.13096604171669932,-0.1646623174123742,-0.006958091475200981,0.3022747286724667,-0.20117347145803277,-0.04905210308435135,0.4293620577664988,-0.11299991042138982,-0.08983591993471741,0.5021441930434474,-0.0006387947847299242,-0.12891068285311263,0.37305298380716756,-0.20180118822973778,-0.15958588741765312,0.614918999732159,-0.2568830831738286,-0.2431170896021256,0.7651671437122898,-0.29951676035067415,-0.2954730286980893,0.8850480295101486,-0.3278715128334189,-0.33043948997135386,0.35877553245149935,-0.0425125277280074,-0.18689941857517683,0.6312660812888617,-0.014844873150757783,-0.2579304631501913,0.7856027580693312,0.0036476129620640397,-0.2792821396650965,0.9084755279774759,0.025719341673735494,-0.29649116150458166,0.3241268460333386,0.11704506366230774,-0.20392431041029319,0.5729731291552446,0.17523536700183545,-0.251479777195458,0.5033985262454963,0.12800006225303226,-0.19776571846228766,0.4149386806315149,0.09153862871701078,-0.1518001330447347,0.2741477188766812,0.26275413167937917,-0.22247073189966057,0.46535750606103765,0.29728933373852207,-0.24713935947270418,0.4177632662302856,0.24456470568718858,-0.19579631257437763,0.34674328568090584,0.21631196790351168,-0.14930738429066504
2,0.0,0.0,0.0,0.06681650457865881,-0.12728483934335663,-0.0727836050292265,0.0702665158270766,-0.26688685259027184,-0.0955220490548129,-0.035489454829353194,-0.3177731055018142,-0.10544095916552758,-0.14124410267481946,-0.3267649731541528,-0.11353820826003937,-0.04154179600965293,-0.5186133896219703,-0.06291281968328147,-0.06702923663270222,-0.7429540117868756,-0.09931084271334963,-0.08946038265229588,-0.8724088022603544,-0.12443616383513367,-0.11851376086638467,-0.9827744083580457,-0.14180603217704973,-0.131577962197709,-0.47308031216873325,-0.0633905949521986,-0.19724614660448517,-0.7017990177285119,-0.10095936581275829,-0.24235183586096126,-0.831716070505972,-0.13330259744105025,-0.2837387427323395,-0.9434309437864598,-0.15022886563593071,-0.18659354991521077,-0.38714660367296866,-0.07120341714163816,-0.27191197092962266,-0.5441590339274148,-0.12972135733227358,-0.3240291595704969,-0.6558297132961666,-0.1738936230706689,-0.3756006285611457,-0.7645413246672819,-0.1968824541669309,-0.20668728896225408,-0.2574947744936955,-0.08318680675604796,-0.23471608995732096,-0.3548797568618489,-0.1335392453160365,-0.18629423387082747,-0.3190816060558256,-0.13480370227773963,-0.13957639881643968,-0.2584502047759877,-0.12750225174930221
2,0.0,0.0,0.0,0.10805666046503094,-0.13043867390556102,0.11229726748216641,0.13703557358560828,-0.28363044688799627,0.17874498982687678,0.08554881221952794,-0.3959253064937387,0.23086717684070432,0.02190327953850767,-0.42676258973621695,0.2757562361794156,0.10681422563718453,-0.4145211097848522,0.11214043365410338,0.11190993347809673,-0.5936797840417328,0.16627534235586797,0.1067200835514237,-0.6997533762385958,0.20808210087994147,0.10549864347849838,-0.7835269281463085,0.2321305897079026,0.03986703372685334,-0.46476791022732844,0.07174452767539816,0.036428975452832114,-0.6849857057444643,0.08985369060025544,0.03444824736435283,-0.8147540184626403,0.10606693187699345,0.04221189377488765,-0.9194676319490094,0.1237592001481011,-0.037036753549114745,-0.4645984812178697,0.04145184603539339,-0.06729153263594786,-0.6954360121621309,0.03292829522269018,-0.07315040650446952,-0.8615556063674756,0.009067814759358837,-0.06954318667009682,-0.9975788850820477,-0.0003364910499314463,-0.11626333632176694,-0.43440775619222893,0.027777680915832867,-0.1525418716517568,-0.5882901496319253,0.0324725849278011,-0.15660362124394353,-0.6456297672616136,0.03323281528356898,-0.1531640919998323,-0.6819511613110443,0.034760967246385055
2,0.0,0.0,0.0,0.001171111782104046,-0.24611797136924524,0.008281833686687235,0.09386231527427616,-0.4049898911398686,-0.0002168565735210112,0.21877562048616783,-0.41539053341840715,-0.0026047933155318843,0.3122371761408936,-0.3770466906233183,-0.0092308422753421,0.15873635140107076,-0.43243180092073497,-0.08570508796159977,0.2573556001599561,-0.6831860198243119,-0.10573239323383755,0.3113663676482329,-0.8184185253318748,-0.10414726600898451,0.3617215193747659,-0.9268025855719265,-0.10077794050496708,0.23818083689340439,-0.3194295913647665,-0.09898739476180284,0.3540483982690053,-0.5912872303725133,-0.14581449699130816,0.4271736514864683,-0.7432273829181513,-0.16298351772341851,0.4875343883065106,-0.8569817529357252,-0.16701046480328186,0.3031220308720033,-0.20919439000357226,-0.10138909191359151,0.4461424166430034,-0.42054336543084375,-0.1657690728527668,0.5168739187239942,-0.5610875484711464,-0.1970547974310847,0.5713702718823883,-0.6600216090086177,-0.20363077013495773,0.3491495396025903,-0.11185544062549284,-0.09321623188219702,0.4194472453368207,-0.306480989163096,-0.12119143146983953,0.36053515124325414,-0.3359737561488948,-0.10278993702087522,0.3105094319634895,-0.2983859252957766,-0.08263196186382112
4,0.0,0.0,0.0,0.05813213479699904,-0.14457584767436846,-0.07457510121613493,0.04109083036549547,-0.3130383842844851,-0.11007045680656885,-0.07814795084895419,-0.3224212137815272,-0.13910491875614608,-0.18042457281201874,-0.2716560639045534,-0.1696033139469142,-0.09352863784697253,-0.49696917277275116,-0.07739208024935075,-0.14333545746851212,-0.7122739526299706,-0.13050726838377905,-0.17980378833008967,-0.8454584934677912,-0.1716790015417706,-0.21599679500125518,-0.9554223857393603,-0.20127953044782,-0.18364813915884304,-0.4389623231119396,-0.07913053780945248,-0.2677746663957446,-0.6438676367940955,-0.1213950164712669,-0.32734547533389674,-0.7697051474009207,-0.1639637778292242,-0.383511946965954,-0.8759959034434927,-0.19494713721609308,-0.23498119780166674,-0.3467517051049396,-0.0881462789105702,-0.3322599700342516,-0.49569687190384704,-0.13027835778968647,-0.3961462120168621,-0.5968062708541647,-0.17005727259771855,-0.4530642260720441,-0.6886922673271789,-0.1978414932924247,-0.2568919515384578,-0.22363481006468605,-0.10360565326751879,-0.33769892784839145,-0.31503065370146666,-0.1427419134228391,-0.38953641071897005,-0.3828152167899113,-0.16325140806040808,-0.4376006050289017,-0.45256468527029653,-0.17742468902736944
4,0.0,0.0,0.0,-0.12017038691284393,-0.1429825707506783,-0.0056047072545738355,-0.15300621947376453,-0.34204351242345965,-0.02756718431583469,-0.1238327082579468,-0.5091086178668383,-0.04366628904830458,-0.08074530007876334,-0.6200240762800001,-0.06327725965987215,-0.16337806808520577,-0.3680550275024107,-0.13729132981117276,-0.19053635395367302,-0.6592467790000168,-0.18917144876146053,-0.2019329597971514,-0.8219213545089872,-0.20713935930874794,-0.21247399125862068,-0.9527436468292549,-0.21710445980016935,-0.06236276535799544,-0.35164385590861563,-0.15830582620366354,-0.08550104391756597,-0.646027671791383,-0.21363051102650973,-0.09612240242151256,-0.8237008639359154,-0.23581959460174726,-0.10700884886845576,-0.9553369135808679,-0.25041909984315874,0.03911213337281473,-0.32373764956013756,-0.171103444888356,0.03860319237129005,-0.5855108619024949,-0.22247725544062388,0.04363011612814172,-0.7501565829679006,-0.24746346936119382,0.04127809158860581,-0.8729374247048268,-0.26261077370214314,0.12429665567229839,-0.29382431148830734,-0.17936983077198235,0.13073187000484646,-0.4792959714398035,-0.22500894973009955,0.1322289293598785,-0.5964395170337301,-0.2417922974854918,0.1327651972209242,-0.698826123345247,-0.2508558944544194
5,0.0,0.0,0.0,0.04688113945724068,-0.21892772140624472,-0.06520173686370705,0.009406240483976085,-0.4376609098584413,-0.09797959765709306,-0.027692710298323115,-0.6137717513151203,-0.12673379641665533,-0.04665125379035736,-0.7616470322645469,-0.15771659995747278,-0.22258747145232163,-0.45595054281025255,-0.07978012575219333,-0.3159284948833357,-0.6519350048206672,-0.13857361764123938,-0.3766704096752365,-0.7765179648517441,-0.18260350266241573,-0.4330595682160366,-0.8759478883511567,-0.2125434244329599,-0.2913569639610824,-0.3564152589232456,-0.08734277459313455,-0.4266744031107339,-0.5348343534276956,-0.1358122102641765,-0.5137499954928106,-0.6459931441276264,-0.17356612819765618,-0.5899986335022124,-0.7302032130675045,-0.19997765153116062,-0.31981552565956073,-0.23184132313728725,-0.10211714426880979,-0.45854301306252715,-0.354407224834209,-0.14945112406743233,-0.5440743431278916,-0.4463470714020382,-0.17883576403364568,-0.6168472512648688,-0.5318215580265019,-0.19850316430557027,-0.3174852236829952,-0.08680635356380065,-0.1228940382646655,-0.43605161715680324,-0.14122413319676683,-0.1680167175046311,-0.5091902398047147,-0.1881049005201882,-0.1841679648680079,-0.5727004580785175,-0.24269665271368526,-0.19279241034350741
5,0.0,0.0,0.0,-0.1370846502863988,-0.10910750046175074,-0.028418182753771882,-0.2631350572844229,-0.25947700604796736,-0.06678790811998409,-0.3817353158255947,-0.34450846983254985,-0.09703508569268876,-0.49027427642442223,-0.36961666930734,-0.13157060098587203,-0.1697774802656908,-0.33531380490414453,-0.16150091286491725,-0.22364094164627663,-0.6118827640638932,-0.21959737548139432,-0.25964925121275856,-0.7696100598135374,-0.23964950347081654,-0.29061178039738916,-0.8965230880393839,-0.24983959282941673,-0.06090545420643935,-0.3383055507942688,-0.17542188700085712,-0.08104627755413629,-0.6273003197484212,-0.23389088974495492,-0.09016445690810015,-0.8117533496925423,-0.2563037358321741,-0.09650124750483918,-0.9573545858408901,-0.2723227977959753,0.03820258214680855,-0.32653531917897133,-0.18287171931152085,0.04985961162342302,-0.5831247985631058,-0.24178307598294338,0.0597185760051013,-0.7489220637246254,-0.269928044925743,0.062436037822684684,-0.8811598658929141,-0.28610291245253117,0.11692464013553526,-0.31202495043325723,-0.186688170690028,0.1509201668370983,-0.5121025791106223,-0.2351455758529386,0.1844387270544878,-0.6282956787690598,-0.251225882964575,0.2084790937203145,-0.7304784875424983,-0.2603055796962786
5,0.0,0.0,0.0,0.1767880565537006,0.026722632963783792,-0.1174170391006348,0.3343023260090704,0.004181433968481323,-0.20189156749728798,0.4598871856274461,-0.015131507035519305,-0.27999322059544235,0.576149814275831,-0.014173529164248237,-0.3628516115118967,0.2971292016520077,-0.44106740838106295,-0.19060553498905877,0.4113110864808036,-0.6336046617698714,-0.30500637926262214,0.49854991293818857,-0.6901025240919002,-0.3836832207804487,0.5880586963111943,-0.6830241166523777,-0.4332032153204976,0.16229663276617776,-0.5158561701045513,-0.1947757837763508,0.20029900729521022,-0.7658149347611106,-0.29294540646631956,0.269546844957596,-0.8485582187355426,-0.35545403971748896,0.3424569117898106,-0.8378813457390807,-0.4004720738584432,0.028517271622425566,-0.489867672872077,-0.20902621250415224,0.004787603839455982,-0.7338273481303147,-0.31085522478234756,0.0333844299188027,-0.7905949014464678,-0.3787382625653762,0.08329901087141578,-0.7659907810461856,-0.42331094411536535,-0.098229600194055,-0.392800338822449,-0.23123561908654966,-0.19337749251071862,-0.5186273247159812,-0.3337523180051301,-0.21196784079805295,-0.5270167415866233,-0.3902560441785976,-0.20232242850408086,-0.4749034472047674,-0.4245325182690292
1,0.0,0.0,0.0,0.17563066584753725,-0.14459918220641113,0.016350351504281834,0.25293369634051377,-0.294254144910818,-0.006198423968081236,0.3192755106205048,-0.40341824245050106,-0.04513898415507382,0.3684844898734658,-0.4919403347338536,-0.08113546677214098,0.026795096244454673,-0.55454385133733,0.012922481761115824,0.07934865687312449,-0.7424072054516317,-0.017468274437518035,0.10349705318486752,-0.8811065102908292,-0.03303397625117785,0.10836462185122309,-0.9929046470821784,-0.04896397179208578,0.006296527240456976,-0.5688688715454165,-0.032406584983384445,0.2341375257414909,-0.6560385097358635,-0.09749744774179404,0.2795566382024592,-0.521538536641497,-0.11247434827508504,0.2423078337766853,-0.4489449707003563,-0.10455846974937714,0.030881562649721212,-0.5242930067616449,-0.07777155662803725,0.27282532464707304,-0.49618922841302127,-0.13112125407653766,0.2763951735062625,-0.36296103616953246,-0.12797050077970115,0.21786299225021782,-0.3257259732146494,-0.11499038843542139,0.08571667064192387,-0.45421042442834986,-0.12316913049137322,0.27916755385813335,-0.3706144178615511,-0.1447785391583849,0.2760202938284756,-0.26569056768227284,-0.13660711173370782,0.22256782484557364,-0.2317959173422665,-0.12672544052776782
1,0.0,0.0,0.0,0.18535085865156956,-0.16222585418991778,-0.0778214049849774,0.2969960599059848,-0.34950266339753466,-0.04428928858132825,0.2715653236754006,-0.5559929471314682,0.0008086241037813655,0.1994386717639362,-0.6621996370986485,0.05853648110259303,0.36100236398766733,-0.43489677884217387,0.10109340605407946,0.44443960649663955,-0.6311771374616395,0.11380291956573839,0.47883536507000257,-0.7554676782175668,0.11554783066879293,0.5117135096572788,-0.8513603948026992,0.11547624082737717,0.24311144639627258,-0.45878547542850273,0.12888913775101862,0.2717068917684148,-0.6175127695737708,0.10129190229833554,0.2563201876254792,-0.5112404073215351,0.06935056354036989,0.2618034205301445,-0.4125956996746211,0.07056756566334683,0.12685236421926635,-0.46163486694986794,0.13931395829518822,0.13263449667286065,-0.6090097195245598,0.06723760561278751,0.11530713621679474,-0.45810054975614656,0.02558392639172076,0.11990026792048783,-0.3503680871294294,0.03151317622123533,0.010032851683291075,-0.4354602309320504,0.14533854688246933,0.017411566024020268,-0.5719371102646472,0.08514408079726689,0.01623485364647604,-0.5213107284680786,0.06447304289137637,0.015081106423828459,-0.4707578754569247,0.07016682119229126
1,0.0,0.0,0.0,-0.09686804468062277,-0.2024364537655451,0.015568861677581055,-0.08302469327236787,-0.40479281971404424,0.03016699904908919,-0.005448052694154504,-0.495371566686784,0.044235211715172314,0.055904238592418116,-0.5074460250821667,0.05597921367593961,0.049000754878990624,-0.5898853811863132,0.001791210250162318,0.04788469239628595,-0.7908630310585699,0.022261462273963445,0.04969592574254259,-0.9111829199395677,0.03489677983232977,0.056057237898817704,-0.9976447512417955,0.039528931162521576,0.1658650266863209,-0.532827260864252,-0.002207462666818009,0.13415297814065275,-0.594918139796915,0.02959163249115517,0.08759131351771708,-0.5284937636239868,0.048587945998857664,0.06611830579685204,-0.4673864721648289,0.05789148074569406,0.24038128643851944,-0.429926041611084,-0.001148676599914035,0.18600151513777413,-0.47044617123971294,0.0236650734794909,0.14505130819054637,-0.4208792758690777,0.034212887016266715,0.12632669044927392,-0.36754581314586804,0.035947060058722606,0.28081408015913323,-0.3300246708598464,0.001549350766926223,0.23149039053398965,-0.3747659164370793,0.028388664680096883,0.1975224633782507,-0.3378330894952714,0.050924773585297504,0.17937209537891513,-0.2845973683552307,0.06694459305250323
1,0.0,0.0,0.0,0.13438476219023013,0.02291465412936736,-0.08495634731883062,0.2474423883119431,-0.0036036564217121116,-0.1535039679408584,0.2925301290172826,-0.08149743240141018,-0.22173497454952792,0.23464002816563742,-0.15650185192315041,-0.2897378230040255,0.2981008824602622,-0.37533696014564544,-0.1276850005009899,0.36495335112554667,-0.5808665430695514,-0.2205385523515589,0.40322490005144257,-0.722915312428042,-0.2774116880346555,0.4310706533167047,-0.845896022677896,-0.3140668888418924,0.1882229294625545,-0.4414889894518914,-0.13504582584191657,0.21153525694176814,-0.40576149151883334,-0.27740334647072656,0.17465765643159128,-0.20854484407488233,-0.313719063266824,0.1472919337092868,-0.0737374090441185,-0.3079392667036306,0.07429571420207125,-0.4496323719345229,-0.14895699656383765,0.08427648364692966,-0.3549913060976043,-0.27175978705133974,0.07672935917807279,-0.16839203307255904,-0.2586759306238058,0.07361886307214913,-0.04270951294710172,-0.21886124277324975,-0.0313791364210651,-0.42073981539892397,-0.1716395107653147,-0.023267759334777437,-0.3290854326661677,-0.25188433511745784,-0.013226091433017664,-0.18685204005286266,-0.2424068064281812,0.001603949177713286,-0.09757412100138037,-0.21314674225881752
1,0.0,0.0,0.0,-0.12052236111696067,-0.012145160761716798,-0.14744590236656874,-0.20145033408877877,-0.0672864431999596,-0.2815530495277932,-0.15187036618120023,0.007675712299550727,-0.4028475889045338,-0.033479314352545315,0.09470679795547662,-0.5211963762421865,-0.025413234966838644,-0.3810310117535431,-0.26711567681500453,0.03755810957763464,-0.5653119758282832,-0.4295749147449643,0.11292980427499455,-0.6803014944311992,-0.5281513316024251,0.19262523938564893,-0.7789039510224529,-0.5968284110472907,0.13084874662606993,-0.38583079283868116,-0.260959740670917,0.0890069005338687,-0.15734946955231854,-0.43627519578569046,0.0037374744067585727,0.0706740122607634,-0.4499741846624457,-0.010709198210956082,0.09654136873891234,-0.4410026665331423,0.23750818300374882,-0.28593138581399163,-0.2707118212819798,0.1992820254864135,-0.001767268086863454,-0.42359470388134024,0.08812658584111827,0.13372885564392625,-0.3696515353484888,0.03517481578847202,0.10312215315511229,-0.31582417209328534,0.30729644370426656,-0.14393047935156655,-0.297091216217809,0.2662357323956664,0.09014143170465824,-0.4224827214031098,0.16752476737524516,0.19163126554715657,-0.4065561048381074,0.10652128271311645,0.16493624614568447,-0.3749993526771439
1,0.0,0.0,0.0,-0.13376948123628934,0.010900728983913298,-0.11972689588081827,-0.2501793353405664,0.019230854321912905,-0.23084405834937866,-0.26766502917959645,0.13105163573266407,-0.3370152797308721,-0.21696181679891396,0.2137713180724787,-0.44877897770721775,-0.2190297939453314,-0.35683433435502304,-0.22936123114185147,-0.32255856528933174,-0.50164003571551,-0.37188305829131213,-0.40003912763347715,-0.6081426929415951,-0.46036798856114675,-0.4511737762535066,-0.7219507175087241,-0.5246230886167603,-0.05347512907896668,-0.40473932513191163,-0.2407207302040002,-0.11420373146769966,-0.1613218417151448,-0.398605740576998,-0.12518045240086334,0.11112265756928622,-0.41352563245921536,-0.1247842683137982,0.13471785956996776,-0.4040578050458413,0.10353712210765427,-0.32977833730292344,-0.2650169937255035,0.04518323830883951,-0.03288292133653474,-0.3976178154125873,-0.007210168635389722,0.1646106110352928,-0.34785209554867724,-0.0407809543037575,0.1660014903701595,-0.29676352524952376,0.22405128707534913,-0.20984824860450618,-0.30338815623199644,0.1650859484321344,0.04338412592792135,-0.4038752215633803,0.09921333528091879,0.18858827801132236,-0.3777733290828932,0.05887735738328985,0.20131317166711546,-0.3418172074251044
1,0.0,0.0,0.0,-0.16250553011995528,-0.0033256064076967757,-0.14240273456046632,-0.29371971263873997,-0.05155999765773096,-0.27119957928965005,-0.3025069832836988,0.07531572028866694,-0.38851880780786785,-0.18786171883623845,0.18667998811455266,-0.5054646822475377,-0.09378472036473526,-0.3853180048619857,-0.29659501158796,-0.02301892394977348,-0.5575311182014717,-0.45425604237489015,0.06592688616351847,-0.6704073868950297,-0.5547520153209681,0.16011114013924152,-0.7598491508488063,-0.6300743533565386,0.123423860014872,-0.42635160170403175,-0.2899957120824733,-0.013303797184549505,0.01452310847932512,-0.4747095435897783,-0.13474788792108194,0.2299120484823533,-0.5033671307898518,-0.17752877567874037,0.2509708849502777,-0.506739815780443,0.27216008760331845,-0.30676624062630686,-0.29435348127406596,0.10645280238041131,0.192228608860351,-0.4442081766669074,-0.010943490314831444,0.29901805911174395,-0.40434160063244534,-0.0567627811223396,0.25108362666954714,-0.36273880897900235,0.37350645817092987,-0.13692001761459843,-0.3153649648483434,0.21360811459792506,0.24614877623242382,-0.45060578919163274,0.11301081811764964,0.3496467717648038,-0.4493835976339561,0.06812137218336209,0.32463703752890344,-0.4240602233414384
1,0.0,0.0,0.0,-0.08040610494182115,-0.045348943559246284,-0.0864764100111005,-0.15519846326651032,-0.1409768945434976,-0.15199220567070726,-0.14953350341012278,-0.22235860969418145,-0.2118502577031893,-0.06599219672305635,-0.2871708230006668,-0.2674878850581216,-0.0735927851444685,-0.4748186103377775,-0.12754802862521666,-0.05178773905890498,-0.691198024374987,-0.2145856683535435,-0.029816259940538298,-0.8270260893656015,-0.2689522198909339,-0.006176892353395551,-0.951314344318623,-0.30816045219087224,0.04044618542526858,-0.48841766434693534,-0.1256116704414439,0.03845102796621468,-0.43216617775535254,-0.24483935972055687,0.0008162534784391046,-0.24769017304866964,-0.26738493885118714,-0.023347320192324817,-0.15311918976109135,-0.2601597542678777,0.1371297847955798,-0.43470956874283057,-0.1321407987389932,0.11493918017810331,-0.3003772021964226,-0.23317501475690544,0.061709474598145214,-0.15590261532194197,-0.20966078178246358,0.03333338211873303,-0.10548504030344769,-0.1727446317877547,0.21976476507052817,-0.34591300811342096,-0.14833372735613642,0.2005239390884865,-0.2308111529388065,-0.21712628079291205,0.13200510262482806,-0.12088035570195109,-0.20364182690110474,0.08482107796092225,-0.08243124673299189,-0.17681988232397214
3,0.0,0.0,0.0,-0.1168188423646425,-0.0660799142126454,-0.04050540710754842,-0.2095022536037376,-0.24191834272554782,-0.04291992656017655,-0.18345205401614534,-0.3898809489374238,-0.041388309723031196,-0.09741468291322136,-0.467045767769578,-0.043862456338425566,-0.22123561551331072,-0.4184409325046874,-0.005310247685376179,-0.33343714964163235,-0.5749962448969038,-0.018809428505143472,-0.3940043394820404,-0.6784061506919221,-0.03110371848414268,-0.4426954276360649,-0.7758296644393354,-0.0460581461972183,-0.14547063615635053,-0.46795092827425805,-0.021011671309189937,-0.2145333168731061,-0.6899904542105647,-0.042592391110314945,-0.2632078852769611,-0.8303832845786339,-0.07232954010094844,-0.30090382358313517,-0.9493313476460011,-0.09070215724930163,-0.06465883505866199,-0.4697496017178305,-0.04389518656924818,-0.10138178291821572,-0.6686681766703363,-0.10274663477641062,-0.1554403434475954,-0.8096332603196232,-0.16407282910603002,-0.19639356539664132,-0.936033443590765,-0.2015826728071839,0.022192114708140524,-0.42484176473626856,-0.06674765830684645,-0.03517336484250051,-0.48337976590954057,-0.1378030767097332,-0.055519302309346145,-0.36923765596752683,-0.15883991276028145,-0.050334003953141485,-0.2570943596681438,-0.16717709570816117
3,0.0,0.0,0.0,-0.014129382660401313,-0.21832336220997273,0.016387834400319167,-0.12976987401572854,-0.36530142893428935,-0.001579213293358546,-0.2882312099052971,-0.3776200511230833,-0.019624550076818802,-0.4025509323339047,-0.3336706146139542,-0.04402551167361618,-0.09141634784780014,-0.476723874926042,-0.06262478649879243,-0.24286700487344373,-0.6912296598925616,-0.09716800298462548,-0.3103359360667168,-0.8101684926276971,-0.10887030612913903,-0.3641139504399997,-0.9099240469629549,-0.1124123999004917,-0.1448721773623962,-0.38593140587839136,-0.09616710001121517,-0.30784917426765146,-0.6333094961258116,-0.1398143265758084,-0.388457259572938,-0.7683567760315165,-0.1550781451013253,-0.44965308545188887,-0.8791749389060963,-0.15768173496971072,-0.20711910771857597,-0.2782966959885031,-0.1231980453444428,-0.39364583833145184,-0.4721539030326637,-0.1755737498716148,-0.49609763927972816,-0.5839033084657574,-0.1984476314574854,-0.567967840445931,-0.6802236500517863,-0.20457553475036017,-0.2623748554233355,-0.16468908266867577,-0.1422393918146389,-0.3935277668812322,-0.2886355573738251,-0.17221938174847357,-0.3776827175204197,-0.2592593407709945,-0.15360348292067058,-0.3376945930867297,-0.2188553302940288,-0.13387586479678643
3,0.0,0.0,0.0,0.11304143763664498,-0.06189146531431484,-0.05033207456411798,0.18814798000798041,-0.19653725295508712,-0.06668299164296959,0.11522069900649008,-0.31538861939909385,-0.07672172418374688,0.01285170241932617,-0.37112543426061323,-0.08888373669812526,0.1894024535227455,-0.47218609083933605,-0.03995875023808703,0.27417070781805,-0.6515998670064654,-0.05438827833389024,0.3190160883267196,-0.7626700062014029,-0.06841748078229022,0.3506132408674438,-0.8693753153147158,-0.08221252689795577,0.08987140209463342,-0.5180573859223453,-0.04822245925251558,0.12370616639124901,-0.7394195296302669,-0.05640225969438669,0.13689425041620001,-0.8719178616444079,-0.07745678360632882,0.139913285041783,-0.9856528079676694,-0.09440770526956696,0.001735998716418659,-0.4940769914585455,-0.06109880813357086,-0.02880601921801894,-0.7047010200400681,-0.10229307839209195,-0.04509513331369901,-0.8427310105010659,-0.14819885460742938,-0.06800715074241183,-0.9637191011226308,-0.17937347502378606,-0.07597957116215352,-0.41685497855948733,-0.07575782931404333,-0.04694145072873656,-0.5466367593273502,-0.125288428960508,-0.01437162236241691,-0.466228671865605,-0.13388685306723042,-0.0003559911615912287,-0.3658401208605842,-0.13519725566616186
3,0.0,0.0,0.0,0.1104474487608817,-0.056190125526884474,-0.061570119081629765,0.20093966790226056,-0.2069724996151849,-0.08278996405235214,0.12730836677530077,-0.33300974502856145,-0.09665623308530984,0.01838201770508156,-0.3797016561352145,-0.11303220276269488,0.18234997095960245,-0.5119722931676,-0.03870636996064102,0.25042203626315773,-0.6991602667737854,-0.06257112274464922,0.30244263871530647,-0.8218364822036156,-0.08851045914786193,0.34995404260099455,-0.9290264519781922,-0.10953373280193358,0.07725164153592988,-0.551063772732543,-0.042130948796744956,0.09547764326034285,-0.760847638629597,-0.05419286815974819,0.11996820773083766,-0.8808973659129239,-0.07907528448384828,0.1518404927485595,-0.983394124850315,-0.09940050287477326,-0.013351520521198828,-0.526509198416742,-0.052312406582677745,-0.016527047022694346,-0.7227459064873416,-0.09402984916325396,0.00653301285382632,-0.8401827108368727,-0.1366578486295674,0.031124017622667286,-0.9426537503875225,-0.1667078092687706,-0.09565727810427196,-0.4484179568006714,-0.06647396351861568,-0.06605607586701862,-0.5654537375452157,-0.11927637760338926,-0.023738015855826838,-0.47904461535978493,-0.12750192332951407,0.008069185003052886,-0.3720250926432255,-0.12790196081088206
3,0.0,0.0,0.0,-0.007932709695660225,-0.202572650126216,0.01431696887112811,0.07826799560054216,-0.3274903755909459,0.030733684677388955,0.17836819782784666,-0.3959328127674095,0.04895207108641199,0.2366504758083054,-0.4595994709857633,0.06859240033395975,0.24063803555128088,-0.4513808070423338,0.0021207986697836024,0.36626435792878553,-0.6666113243324384,-0.002915461376210391,0.43559313893321305,-0.7894034669499731,0.0021462342712128208,0.488444365117344,-0.872532165034771,0.010474882569733225,0.3240243107447565,-0.35534674740472,-0.0034891215169247014,0.47697459575498313,-0.5396645814498763,-0.00392910806780894,0.5594992661648311,-0.6542268340030221,9.767086828422663e-05,0.6185898248543608,-0.7339052669674252,0.007479352495289402,0.36583911662466917,-0.24571026725916825,-0.007681479196159693,0.5051975835745305,-0.36802821021173615,-0.008364650861457906,0.5884181695382917,-0.4592075962078316,-0.018134574858395112,0.6450645522256232,-0.5298808091427019,-0.022717247320020555,0.3673158712586416,-0.1398577174958577,-0.009310531135603211,0.46382371477896445,-0.18360237672512864,0.002526013196157801,0.5149806282627539,-0.21286939379389258,0.010357777334422285,0.5471975165047075,-0.23111173640721971,0.017964763046944245
3,0.0,0.0,0.0,0.10126155824477838,-0.06806926260086675,-0.06720202913915284,0.15880319239672122,-0.20402898983162915,-0.09192100780051088,0.06422820808898357,-0.2980463569464806,-0.10686009089898785,-0.03595964809636923,-0.3241084794507193,-0.1250938678176474,0.13351235653789517,-0.4712136284848148,-0.06240026612669942,0.18124658240959216,-0.6775690816158659,-0.09417474871482594,0.20478777106745785,-0.8111176156833148,-0.12032272754935476,0.21564449096076052,-0.9308362115892669,-0.14101700910606468,0.03750914344158577,-0.49331600936532227,-0.06454732332655104,0.04736614889456814,-0.7234543353363296,-0.09110151165835989,0.04288460844430481,-0.8632323265414045,-0.12195256933486845,0.03849667898432166,-0.9889509069516762,-0.14315763810092455,-0.042645405753411005,-0.4594358835430911,-0.07196468417685632,-0.058497400077119385,-0.6672617508130599,-0.11858409196558034,-0.06276053665086229,-0.7970335858837433,-0.15877846192892883,-0.06697463112226795,-0.9205860203863878,-0.18452848793836707,-0.11458599052852221,-0.3696153710660674,-0.08342585940938524,-0.12631328936631048,-0.5001463791869789,-0.1320105184351936,-0.08953105958939421,-0.44442312301190845,-0.13431890929543872,-0.0556929232103093,-0.3638486467342492,-0.12978266175964542
3,0.0,0.0,0.0,0.10112316018711003,-0.0811271507898355,-0.048403098353901004,0.16547762184806747,-0.2328702860280204,-0.06262646469960541,0.09229588467640597,-0.3428952645445881,-0.07135112822841477,-0.001099016406715431,-0.3673385022080971,-0.08391736424533013,0.12893884075047743,-0.489386072080045,-0.03534102542555496,0.18228863671403173,-0.6846397211458577,-0.05292094807968918,0.20819343154047715,-0.8085963270569917,-0.07166430055206664,0.22174986624630957,-0.9241732473155356,-0.08886160629317978,0.038061859207219786,-0.5129632072757332,-0.04296230494887019,0.054091117822116654,-0.73474670102688,-0.05648297112473618,0.054350519432588194,-0.8689939153214807,-0.08141126427399827,0.051079070029105667,-0.993593883099088,-0.10080736120461395,-0.04095560033304766,-0.4819109256142261,-0.054351337835776954,-0.05126751723443111,-0.6806044945533,-0.09044478108224636,-0.0461904298951948,-0.8058039493670869,-0.12757577065542552,-0.045209313222160596,-0.923320943592824,-0.15331161409068106,-0.11330900586465377,-0.39899622693249315,-0.06857361748406156,-0.1142753249558014,-0.5392639853934631,-0.10969056232636056,-0.06982745830356889,-0.47862031334220045,-0.10963730028005758,-0.031104443137657232,-0.3873147938275078,-0.10510018595235082
3,0.0,0.0,0.0,0.1225129951796349,-0.053777706929446556,-0.05466592974416784,0.21982119853451307,-0.1900265332041709,-0.07306613178785644,0.25807803645255356,-0.34206521110222465,-0.08528665235698836,0.21976318421424978,-0.4341157490866491,-0.10357748956720769,0.14840172880165753,-0.4566441208040171,-0.056551747942509396,0.21188350676108672,-0.6560993138123803,-0.08532102976163085,0.24749802758432565,-0.7811176652523574,-0.11075211663427938,0.2696164575710766,-0.8968579981265015,-0.13018593395084768,0.06041838665633846,-0.48020679377440306,-0.061964944609736436,0.08065903421208163,-0.7138379876566665,-0.0840742020620674,0.08417587798598687,-0.8578746876426238,-0.11492676636218324,0.08471533276670518,-0.9867111261343596,-0.13865232041653808,-0.02302862763304356,-0.4502107246754713,-0.07076250268674049,-0.024954663866918976,-0.6574637479067883,-0.11418063556552706,-0.026168064734317233,-0.7909120504673985,-0.15613433804518162,-0.023751768295352173,-0.9141300764336923,-0.18644669298642708,-0.10459037250819463,-0.3700704482433654,-0.08226750677281462,-0.11084039634607051,-0.4953657788637345,-0.13127940589064765,-0.07388539193496473,-0.43132533867971606,-0.1384557577077812,-0.032519574433788785,-0.34180351947919924,-0.13957525769396958
3,0.0,0.0,0.0,0.12613466533984108,-0.08269881155381051,-0.027447855836972474,0.20296442418325358,-0.2226141649933318,-0.03079727606329025,0.22453662274065614,-0.3659767093641859,-0.03432841220558135,0.2168786354115966,-0.4685720271527992,-0.040953361830615403,0.13147861884597206,-0.4754456693404973,-0.014592659960013033,0.19045867548323814,-0.6797950633229117,-0.03642398831003599,0.22726168755553017,-0.7949888159695813,-0.05512264926604692,0.2501636112911622,-0.9000474748871948,-0.06900616967559807,0.05438731985363243,-0.49879679975297087,-0.0285993006814481,0.08046874588395855,-0.7372243245297498,-0.054044610596923136,0.08823226695732203,-0.8728533561180122,-0.07847256374624914,0.08896531352210445,-0.9916165811866972,-0.09371087933383154,-0.02185869973106939,-0.4744961409471819,-0.046305129995801504,-0.017574672091643075,-0.6991048937078579,-0.08771804242400053,-0.0020054164471945534,-0.8278033866549713,-0.11623445312507484,0.0077419554821361505,-0.9443001598541378,-0.13259906612768174,-0.10327899291475615,-0.39959168467376627,-0.06496176672656706,-0.09396417168436158,-0.5751300911557884,-0.10375421606063895,-0.048159727718020996,-0.5422485294848837,-0.09961151187010658,-0.009445820726041393,-0.47250733459365607,-0.09077477570799757
3,0.0,0.0,0.0,0.10607696738145517,-0.10748060177401993,-0.05413563471305866,0.1736838532125751,-0.30220565428721163,-0.062417197313399786,0.10239201439680361,-0.47260493258634034,-0.06451771020902392,0.002609445920096189,-0.5207002658490263,-0.06760297652242837,0.11922043959415957,-0.49839145944996527,-0.01946338933561485,0.17887842302040455,-0.7058674199702569,-0.0327700086651485,0.21111370014800346,-0.824341030100096,-0.04999318883940625,0.23025370890984354,-0.9337011416872115,-0.06577652670866754,0.029915604561401347,-0.524965866085926,-0.019635559197340054,0.05395661289881693,-0.754552865167468,-0.02436123860269993,0.060131657757874185,-0.8857241169529877,-0.041174433296617075,0.056406314791877854,-0.9968000873933631,-0.05663844475427405,-0.051933757171003174,-0.5010274835185485,-0.02667095468081906,-0.0538952575456842,-0.7082674873085864,-0.05482840337043453,-0.03544694097117906,-0.8428225831170156,-0.08728549179289305,-0.030347128040564466,-0.9549853412025672,-0.11131695978560067,-0.13730018383208797,-0.4333265011368842,-0.03763298099074709,-0.13725616205405552,-0.5942450292100537,-0.06945841192566246,-0.08505453236372489,-0.566042917331343,-0.06774018002343046,-0.0489564542682233,-0.4905168437955201,-0.0647269443443316
3,0.0,0.0,0.0,0.14990391880586681,-0.09291181730899178,-0.04618217156484422,0.23869006601105597,-0.2989272862200209,-0.04287168855105488,0.17395617171612227,-0.49081397109112573,-0.03208016939663871,0.07532237161669113,-0.5502414432579488,-0.02235934857190049,0.2159165898214662,-0.4247479712989568,-0.01810645043590904,0.32199602003550043,-0.606773288172707,-0.02424096325120312,0.38486981217327254,-0.715883408075549,-0.03275219421981913,0.43573585748648397,-0.8153932342788638,-0.04126948863900217,0.1335876802492115,-0.48307948837340625,-0.0186230250953055,0.21193712132444698,-0.7053173483334982,-0.011011436576430856,0.2573886945601535,-0.8364266328684797,-0.017265723752710765,0.289453770199519,-0.9333074757025777,-0.025997268794405982,0.04746741491399891,-0.49620519015117076,-0.02587203145373811,0.06789031736557503,-0.7257071813740162,-0.05464708360178733,0.10917813845990249,-0.8699194716278045,-0.09700506129662476,0.13365771778084204,-0.9827568970658705,-0.12776735008240103,-0.046037563199657044,-0.47193586266474835,-0.03504104781820719,-0.014037930184280345,-0.6473360189172015,-0.07168119815517904,0.03521140383715745,-0.5844754545438527,-0.07634329326748962,0.05398682303972268,-0.47604691260787263,-0.07878244951475614
3,0.0,0.0,0.0,0.08671114232973784,-0.14173037744572514,-0.06183405374589117,0.08702833356181333,-0.3282379015584988,-0.0769331165012071,-0.030311845962981435,-0.4502638994938861,-0.08425287118121992,-0.13094830790243026,-0.4756198707599815,-0.09387158846784664,0.05202948588416113,-0.5219735728938972,-0.032327388686404994,0.06296722565285598,-0.7409158562250749,-0.05221029919954263,0.06900621801599609,-0.874495372223634,-0.07416190052393573,0.06745260550042301,-0.99153663599045,-0.09409937450290189,-0.044841768217541815,-0.5090120544558876,-0.031839606504068384,-0.07148044110441586,-0.7295786198517537,-0.044970364131777615,-0.0920998433627866,-0.8662286784550344,-0.07449112201413968,-0.10904133932873711,-0.9890715506390787,-0.09923433898506911,-0.12412176093612654,-0.44862344560679557,-0.03800981619600615,-0.18076863081169048,-0.6488189053833684,-0.07737509700919706,-0.21104386008736287,-0.7804087613135343,-0.12558252715552168,-0.2353928395829023,-0.8975136605441119,-0.16066152724969368,-0.1920417058083267,-0.34487515689811865,-0.04757392482116246,-0.24049458937698537,-0.47018258852061073,-0.09849163489342541,-0.19400822570807927,-0.44376387871405265,-0.11419362805484132,-0.13822575946164709,-0.3900647507755385,-0.12212902955110015
3,0.0,0.0,0.0,0.1433497418631087,0.01850874655900609,-0.06219603994437891,0.3105162053074174,-0.06203251430526305,-0.07692570481378735,0.33050365064557,-0.27647345127600587,-0.08410799890418999,0.2719750588330307,-0.4182779295705414,-0.09370267466490878,0.3840857716029418,-0.27535905798768917,-0.03630302468246333,0.5509951802391841,-0.38228532077550464,-0.054426935215323526,0.6532917885543735,-0.4465881079289675,-0.07455808596341504,0.7387611115745301,-0.5150093746590989,-0.09324758460593431,0.3232850393930003,-0.38780899773057004,-0.04032428748469431,0.4737609488231624,-0.570321779952448,-0.04909553245536795,0.5595492225678059,-0.6768201071801822,-0.0729297831535231,0.6274789236686044,-0.7728613594420997,-0.09463360625591422,0.23845735292022271,-0.4426853302851705,-0.050813481795609315,0.35285634704849916,-0.6356605233277289,-0.092363133313157,0.4491886701932401,-0.7337502102718814,-0.14041056377753341,0.5205173108423159,-0.8226624936429419,-0.17529383167182772,0.12771021786077044,-0.46497546378982085,-0.06438477842907701,0.2239108787867457,-0.59965937716491,-0.11531947330937968,0.24574519688965105,-0.5112690737959062,-0.12299127372262869,0.22744468206670698,-0.40173171043046213,-0.1253420012574476
3,0.0,0.0,0.0,0.1171626001978777,-0.06149272572305761,-0.06019459128158701,0.19396330530312944,-0.245586427765197,-0.07011600076746448,0.13601546994051908,-0.42540031758244395,-0.07192441555416731,0.057157417533882905,-0.5129760323289198,-0.07450140947994953,0.17917671393104362,-0.4639528843745517,-0.03231106652812329,0.25456672532694846,-0.658135432993364,-0.05026505651853164,0.30160857600505964,-0.7733581866043561,-0.06724165095796071,0.33523958711699486,-0.8784846713389256,-0.0821881786159988,0.09342283120543347,-0.5073346277622552,-0.030751387993368268,0.1394498251293095,-0.7411311320373796,-0.03960152054167304,0.16549067832799497,-0.8717246691053707,-0.055229376064185,0.18090987801720737,-0.9810701032068854,-0.0690873984850391,0.009390465264841464,-0.49629264370849646,-0.03675625330089999,0.024321506008978765,-0.7075267270153163,-0.0718071717654291,0.05284055090485548,-0.8369813407340257,-0.10782712142006573,0.06795035488373316,-0.9435434695240237,-0.13378296787613728,-0.080007937921702,-0.44255724892689685,-0.04694200014185297,-0.06535706044580838,-0.5929076918470404,-0.0923500706137659,-0.023756212241120435,-0.541765762787206,-0.0998454300581936,9.420611220747856e-05,-0.4571981348454351,-0.10192704970712481
3,0.0,0.0,0.0,0.10536798353063245,-0.09307336115288836,-0.05302445187382902,0.1612897846508662,-0.28324406185347983,-0.05918843967129198,0.07880048217827958,-0.4388518544273302,-0.05786382808661406,-0.01866665859053999,-0.48537119176442084,-0.058354549624360964,0.14466065317768173,-0.4932116366951849,-0.031913179690088056,0.19367698340070225,-0.7029619874639865,-0.04955848136569071,0.22511385935015954,-0.8242868351523608,-0.06707709880745899,0.24723871650970253,-0.9309485376225727,-0.08289091917886995,0.05514256937607797,-0.5192638704063433,-0.0347687846978702,0.07654880941300589,-0.7435609498991466,-0.04334207091740044,0.08353280182639242,-0.8795910868773125,-0.06502538817216964,0.08768607407058802,-0.9926006317414219,-0.08399487056134752,-0.026986037076052845,-0.4868941016120576,-0.043909316788913806,-0.03470789760773691,-0.6948056354283972,-0.07830479219898309,-0.023938352982548792,-0.8354784708653165,-0.1218253913158828,-0.017574988389429676,-0.9552331483788155,-0.15333494627775612,-0.10783696708500634,-0.4059930062832739,-0.056018138875558204,-0.12727327527995927,-0.558778967098102,-0.09725308873733812,-0.08748298473775776,-0.5356476384007732,-0.10630430856547315,-0.052810207189711814,-0.46722920952242464,-0.1106645398527798
3,0.0,0.0,0.0,0.10291159238402246,-0.09161529134530652,-0.06683366542988486,0.1489512898585345,-0.26038877302018476,-0.08290313193216442,0.047455398656393366,-0.4063587769517505,-0.08710459708018833,-0.062415493289828275,-0.4525874895563331,-0.09123045114383228,0.14019519918447565,-0.5007425058762764,-0.049549998140376736,0.20995542991835528,-0.6988009732563091,-0.06502610508537474,0.24774259395989964,-0.8123828421268434,-0.08246613257473441,0.2741917488317902,-0.9260246966297112,-0.10099857794004181,0.03016935106452838,-0.5253040860115343,-0.04606071643811221,0.030054774480890268,-0.7486830926816899,-0.05565150819256034,0.01895674809938364,-0.8762711235963039,-0.08471641406056407,0.0025193965580018094,-0.9938145805061008,-0.11102356603201982,-0.05539950931801473,-0.48377196660695954,-0.04753021849208046,-0.12557847197263225,-0.6741327877825151,-0.087545280119067,-0.16289702342333065,-0.7940355722072551,-0.13521092036502613,-0.20068658286428698,-0.8977678405074627,-0.16956991558342144,-0.12135334973923928,-0.39425899051027646,-0.052303947579035115,-0.1505079774058061,-0.5464572342070334,-0.09860465803947294,-0.11084241763714046,-0.496658571302342,-0.1088098143872227,-0.07753952181243198,-0.4163735594344691,-0.11381183107696019
3,0.0,0.0,0.0,0.09430744011876602,-0.0786737225898046,-0.06690603851565063,0.13821640355723624,-0.22592928414958574,-0.0961336139447836,0.026354421478163036,-0.3251559508813732,-0.11583122091972749,-0.08473265728577278,-0.36822293325671424,-0.13790727866019425,0.11718436551707487,-0.4802285821419495,-0.07355243084733361,0.18668880157435383,-0.6707056848674703,-0.10299286019376488,0.22692256407825406,-0.7869921136700035,-0.12741826907637616,0.25780709219738296,-0.901230887788127,-0.15018189290978798,0.009490830179846201,-0.503837571607536,-0.07686092379325721,0.006298443293000259,-0.7311796688391821,-0.10195443030579215,-0.00848466395996846,-0.8648510468052131,-0.13660179381012647,-0.028589617722138437,-0.9859310992335333,-0.16468910505148376,-0.0720297272616948,-0.457011013771849,-0.08410589106322736,-0.15728059754396037,-0.6484901790471301,-0.13847000880704813,-0.21135747755559992,-0.7590276344797503,-0.1860660047897256,-0.2585578337165027,-0.8586884081466548,-0.21853779032295664,-0.1356957145996809,-0.3625614792812649,-0.09365321382328624,-0.17255687390008928,-0.49073321060105046,-0.15381762957752915,-0.14149922459489112,-0.43115651135890826,-0.1666908331474315,-0.11193182117518137,-0.3584438490151718,-0.1716079120452514
3,0.0,0.0,0.0,0.08757711248646038,-0.055789073070892974,-0.0918401561108797,0.11820840756161959,-0.19352587631419133,-0.12917799540150407,0.0007699422162907169,-0.2854146499534133,-0.150170107158631,-0.11342869295097616,-0.34668761586090724,-0.17146968655095693,0.09184425706339898,-0.4591898147299735,-0.0961990803634225,0.13428213385783697,-0.6730070100475743,-0.1389799865563937,0.1586516594775585,-0.8036078100010637,-0.16901557202886244,0.174056302020618,-0.9294477776961225,-0.19218551516366056,-0.0042023723869236435,-0.478619335549156,-0.08922529364489654,0.0046600882337960335,-0.707438578772939,-0.12450129451237736,-0.0014558865748588734,-0.8501076431450608,-0.15944117997392815,-0.010976177829740927,-0.9830603831147819,-0.1829530176588184,-0.0818776938114705,-0.4395315694989361,-0.0897206883673209,-0.13481415843624595,-0.6281051579471085,-0.15506292515172101,-0.16399080668694407,-0.7552856963569466,-0.20662500248548146,-0.1925310815219035,-0.8813069727794147,-0.23891168858413214,-0.14112235177581092,-0.3539186031042717,-0.09468441054662427,-0.14358884472880049,-0.44483052972234954,-0.16809550557593816,-0.10718220103505616,-0.36101546842767585,-0.18430604309682494,-0.08421115201023326,-0.27908589583032767,-0.18775443743796508
3,0.0,0.0,0.0,0.002740945880544749,-0.21170206217389412,0.059255945924894575,0.07716709265101691,-0.34305523903884166,0.07713129258467685,0.18033246303556874,-0.37203358770058004,0.0868666973466605,0.26974032947291676,-0.360680297297685,0.09269783618426675,0.11083023250250848,-0.4707217809286148,0.019742450000273404,0.18154586765923564,-0.6908686924929122,0.01951569558764665,0.21078347767541003,-0.8170261898350863,0.03039567390175263,0.2277592040874613,-0.9300718259824774,0.040404138896337656,0.18406177878312363,-0.41779362665791725,-0.02105361146046223,0.29227459882910817,-0.6571916673001059,-0.045512966824796344,0.35030138894564194,-0.7999784748453705,-0.05017950468302429,0.39377598270246134,-0.9182090306569516,-0.04280947870194476,0.24048186582605943,-0.3324414071077295,-0.05359185613215126,0.36978078073776494,-0.5156988096056176,-0.08685009225766835,0.43790390482497527,-0.6372364335714913,-0.10349169944199682,0.4904844644260099,-0.7447918774954572,-0.1043836084577431,0.2777018050258201,-0.21337516894617767,-0.07573639444390624,0.35828750969844325,-0.31804871284215736,-0.07139551523412221,0.31642264202310943,-0.2804245616216169,-0.0359943796179442,0.27814972256741693,-0.21864165858591358,-0.007260819340145675
3,0.0,0.0,0.0,0.09751747592862518,-0.22051003907279093,0.015845973510446698,0.26094845813010026,-0.30027856712608736,0.012398229133239923,0.40580519053228714,-0.28474285863234117,0.008646414136287013,0.5019321504719708,-0.2469622177558977,0.003122643608907134,0.3263490658733826,-0.31974842680328197,-0.056382800041432576,0.4868742151811667,-0.5021413553129329,-0.08782840848003282,0.5848342243847164,-0.6258503490587278,-0.09859092602451398,0.6627220289951055,-0.7217054744967616,-0.1037230986714021,0.3818727526534706,-0.19367830057962324,-0.08431008128460311,0.5850654899936243,-0.34905887880243014,-0.1276465761538874,0.7213793762360344,-0.4568311737841277,-0.1512331470318694,0.8267710565032407,-0.5385056375865555,-0.16266929155809517,0.403388247176555,-0.05153716276052916,-0.10532559858505978,0.628323275194416,-0.10041053076711634,-0.15172505918154036,0.7786950849816787,-0.13852259886901155,-0.17805525900811525,0.8907165703732309,-0.17168033419652778,-0.18907848039405548,0.39294210109966127,0.0812617841901001,-0.11936568012570685,0.563993388255904,0.07632681905095669,-0.14390572025934426,0.6642737318417916,0.0761876929611578,-0.14109536465030215,0.7440045560371442,0.07235358879286133,-0.13466969325532543
3,0.0,0.0,0.0,-0.057418725105779236,-0.19584350362664504,0.11225472764630126,-0.04509625607991795,-0.3616195707612986,0.15222187803268203,0.02282708818119618,-0.46189436400765516,0.17237071709353322,0.09216121962939994,-0.5215492738483313,0.18797005915687046,-0.07077007034742346,-0.46685612522069564,0.07113744608848652,-0.024686971698381816,-0.6936392371706399,0.08465554981524012,-0.005150675591164953,-0.8090032667877778,0.10721128262679862,-0.005784288041871591,-0.9022600739280657,0.12637829629251648,-0.004708637542588171,-0.46771312701411133,0.00889987680199532,0.04667396635756285,-0.7301412980685108,-0.009167100890659622,0.07104705522331013,-0.875637131491196,-0.002049877247623723,0.07602045733348305,-0.9969923779483267,0.01506945187286857,0.071367153557581,-0.4368179753296346,-0.04124799531175861,0.13877326800244158,-0.6746692101341123,-0.06518447152442522,0.16074575104551408,-0.8092325029159243,-0.06197787842812107,0.16661739848962168,-0.930006336601345,-0.04848522599540902,0.15617361750708306,-0.36295758917287474,-0.07748560110028298,0.220800454593137,-0.5327740484135972,-0.05093655663228536,0.21754821969879998,-0.4717390865146857,0.0030099149444657945,0.2134535209640272,-0.38665192419043803,0.042538260544740414
3,0.0,0.0,0.0,0.008504873412938563,-0.24674671074557447,0.050703274836127916,0.09085806103837832,-0.391414763272316,0.05835330985861091,0.19442649130837686,-0.3862493837983517,0.060641867626807,0.2865738063071043,-0.3457468203615531,0.05714783597387606,0.1561545086774498,-0.4712401997722043,-0.01940548283486953,0.25832412140045913,-0.6792239826551132,-0.01985933568287359,0.3066668062791552,-0.7995586734978545,-0.005604445277207391,0.34040580460366193,-0.9101255824098973,0.0031761241753840526,0.23711227648163108,-0.3974208969101732,-0.05706924969068839,0.37505999342191626,-0.6218336768825223,-0.08900630337843085,0.44637104287681995,-0.752112622303146,-0.09722704197713723,0.5024797265037799,-0.8594519008618107,-0.09410926924435684,0.2936534121850575,-0.2910491860942129,-0.08289214819868826,0.45385419402617666,-0.44622980203182877,-0.12739719334175756,0.5429484172286785,-0.5664132156704973,-0.14993177288755827,0.6088302146020991,-0.6656892206158112,-0.1553727732591641,0.3223122355423859,-0.1617019493416586,-0.09650235935147637,0.3963885110150672,-0.2601981500954184,-0.09914705758304432,0.3386319826814074,-0.23999746835405517,-0.06512642699998786,0.2852489023629343,-0.18558649759298138,-0.038732625626082304
3,0.0,0.0,0.0,0.09001413972978987,-0.22643545746982371,0.02847434928003146,0.23816662749042772,-0.31519930410727615,0.02662103024401621,0.37570145066570143,-0.3216280993805865,0.022032417815205377,0.47065892561918815,-0.29718252786327914,0.015971551719007476,0.3250741825152649,-0.3451123389235466,-0.049006637161105496,0.4977880283896531,-0.5100780287729151,-0.08260091505025931,0.5922967320149282,-0.6224777268885342,-0.09594612748348842,0.6668261271238092,-0.7119959271324926,-0.1020411518890698,0.37194226080853704,-0.230329862712165,-0.08157559020492687,0.5834685374855512,-0.3654701157522713,-0.12558543256600013,0.7172419247009167,-0.4687686055500043,-0.1501991389118232,0.8202115850569571,-0.5484404528908202,-0.16268382025040423,0.39155017623624344,-0.09827732711396342,-0.10596677795954992,0.6183999273571614,-0.14506746564202566,-0.1441027528064534,0.7644473676263079,-0.17877978324943736,-0.16597840375501316,0.87622905057197,-0.20564451972695674,-0.17596826858534242,0.3828141842244996,0.026753779001975588,-0.12335030764935835,0.5557295055150068,0.022845111007211174,-0.1373367192443033,0.6527262171495914,0.025484281731178643,-0.13041424462604737,0.7304526025988631,0.024227811856295745,-0.12210585442415481
3,0.0,0.0,0.0,-0.008689441283917868,-0.22403607274141257,0.11514905102979663,0.06370115925204335,-0.36434285817607104,0.16008973203227475,0.1586929328922917,-0.40107665181775504,0.18664597006058553,0.2432938051199205,-0.39551963466402024,0.20955709692743915,0.09777626719073354,-0.4769448922302036,0.08380485724504168,0.1935439895754899,-0.6648822572417659,0.10847952291669179,0.23948131522463187,-0.7617347406695563,0.13733800907615876,0.2691746820659954,-0.8523518070989977,0.15738324366628736,0.16913529273787245,-0.44953420666681543,0.026327411128634497,0.29970680902447416,-0.666877104479257,0.01248327056154212,0.3652420233361947,-0.7970176409646192,0.01645774808684923,0.406727639227365,-0.9130705367658564,0.029577396414246056,0.23405127823280844,-0.3729638116175586,-0.01793009400485745,0.401338448137964,-0.5247923499748035,-0.029894399477283232,0.4796199286343181,-0.6362645197311123,-0.030748862437550335,0.5352197165359602,-0.739449290348797,-0.02487582363723645,0.2840098891455131,-0.2494464196997634,-0.04821819638985255,0.3900340052883863,-0.3096703092798731,-0.013993421691445936,0.34830800324036143,-0.2554165851354023,0.03445975240372927,0.2984442880949161,-0.19250649131380876,0.06706161589587017
3,0.0,0.0,0.0,0.10384782264940001,-0.09038510845505057,-0.05739553724793188,0.17407054383756249,-0.25077758873162265,-0.05856978523877359,0.11995966980634401,-0.4126679519917935,-0.04623333080680552,0.028839517479958117,-0.4733993634096052,-0.029323719859872092,0.1627934110877588,-0.48215333428872753,-0.025314899174050526,0.23130889247762465,-0.6918467944045186,-0.038395436774456226,0.2694332529382864,-0.8056889186841857,-0.04880071431079855,0.2985270501223324,-0.911204030785594,-0.05619328682686606,0.07738505327101373,-0.5152962265701923,-0.022619658624296973,0.11711541765246293,-0.746975509758351,-0.03195241014527021,0.1345194460099897,-0.8790155692771028,-0.04294039960753972,0.14478396498249155,-0.9883155941860069,-0.04764336021639256,-0.0038988987955223516,-0.4932732156754817,-0.027677314026382238,0.0018322333817367296,-0.682677934929156,-0.06456029185178147,0.02051964536358916,-0.8192569912917782,-0.09802957102485671,0.026955051145467927,-0.9490489513240801,-0.11547292284823793,-0.07830769376843023,-0.40996382355250005,-0.03636778935512726,-0.040884334384021996,-0.5447064814972832,-0.0657068774153462,-0.0025799423628527856,-0.4864152712310522,-0.05552138256532274,0.005061666374352237,-0.3913399071210249,-0.04287402996974995
3,0.0,0.0,0.0,0.1154424659462865,-0.06978899561154774,-0.05524989997973131,0.20071699091914397,-0.23739559652245973,-0.06935086654410177,0.1830722846568124,-0.4046712055719935,-0.07497342359972593,0.09589258060465988,-0.472230544121011,-0.08218667512612787,0.15959348857439118,-0.4629795343821747,-0.03888484779272842,0.22681636360439023,-0.6489982632523845,-0.05650254045957735,0.26844247678666494,-0.76792087716126,-0.0710515804167166,0.29733274227525125,-0.8736942292436315,-0.08296692916303602,0.08500793365338737,-0.4980274991570001,-0.04216853447640555,0.13037648695814677,-0.7180343414022979,-0.052305057094710776,0.15213766022594005,-0.859865613352656,-0.07097433125017116,0.1632420419999066,-0.9828909716970384,-0.08530752299857508,0.008436167008988287,-0.4798424884156252,-0.05114730210648261,0.026533283821285565,-0.6833438148341119,-0.09917248632958911,0.04634724178283362,-0.8315972060974647,-0.1519105265280128,0.05218814946204641,-0.9592880210972097,-0.18742749052914168,-0.06937015324694615,-0.41817768847586534,-0.061586003531846435,-0.004489538519644431,-0.5164824450086253,-0.12131056344320597,0.042963021532365364,-0.43374681260667824,-0.1398861463180414,0.06033887833080388,-0.3333390288024901,-0.14840823137973722
3,0.0,0.0,0.0,0.08944012066010336,-0.103700546818934,-0.08813674422134854,0.10733248393691636,-0.27904082995173524,-0.09187899452403295,0.006697324133352903,-0.4188487132700946,-0.07588689293541609,-0.09012795715234109,-0.4771618967197743,-0.051791028233857186,0.1358379760466468,-0.5141938539256827,-0.019975513868350468,0.17477920254043183,-0.7332340653594441,-0.03376263652809298,0.19487327158608347,-0.8547226445473168,-0.0518317760851633,0.20878889070338086,-0.9704733428568629,-0.06701225932786839,0.048943046398606756,-0.5352841942619931,-0.0019267480588892462,0.07269384767533979,-0.7607389561495739,-0.004700315159507745,0.08125549995407737,-0.8849921904479874,-0.019731577984592918,0.0889387488878805,-0.9955623509729108,-0.030749053181346714,-0.03680752496896063,-0.504835521900883,0.0018828904557312927,-0.03953608131190144,-0.6924783744219846,-0.03246959872753023,-0.025815769289510886,-0.8156975978090665,-0.07469357114346067,-0.022211362039748758,-0.9400537500585417,-0.09952097714253824,-0.10659865797939018,-0.41657294121672306,-0.001739635258884701,-0.11000174167297881,-0.5441102517817002,-0.03651928678249778,-0.08391805754009285,-0.4893067618960846,-0.03814004510249269,-0.07731622193972239,-0.40375113298940785,-0.03470934038217978
3,0.0,0.0,0.0,0.0526104225815181,-0.11266601341090637,-0.09756982291441675,0.029330730077360267,-0.27231008545392826,-0.1026874653837165,-0.09173063526232175,-0.39760309986900844,-0.08501180327700471,-0.18587725309808237,-0.45489631362411675,-0.056569108600384964,0.059523062597127495,-0.5287877735063374,-0.026869496492576257,0.06563672925542925,-0.7581303696381924,-0.045085970817741725,0.064658059296294,-0.882786639937353,-0.06282004223918758,0.05974253590834986,-0.9953573069015077,-0.07546297768453956,-0.022105940185294822,-0.5343331626713752,0.000735868347945998,-0.02735612643368122,-0.7639366831563246,-0.014247985149447329,-0.03007184845974052,-0.8886600625112672,-0.028844685586969517,-0.029530563921145413,-0.9961692223963431,-0.033524707889790555,-0.08985298451952804,-0.4915975910235316,0.013659196061922013,-0.11376068745938567,-0.6731230164387356,-0.0203618314025334,-0.10979575502240906,-0.7942053109343847,-0.050329092061857074,-0.10952813333940513,-0.9207256110553745,-0.062274317325610264,-0.13851752585252824,-0.3874982771069562,0.017511825193417145,-0.16977063850116536,-0.510841644482716,-0.006755650644580674,-0.1423781519013878,-0.4768370379209017,0.000486885412917982,-0.1205120259043039,-0.4035096923268662,0.012581958262974759
3,0.0,0.0,0.0,0.1338060404646722,-0.040644367948514296,-0.005101615636690617,0.2548764618804116,-0.1502288360039798,-0.012264698810818651,0.3320427618666678,-0.23785964703876092,-0.024001468719044933,0.2918533894847528,-0.30475134801077547,-0.03965258789547428,0.24120840666926655,-0.4338965621057927,-0.02074745952082469,0.33671645542967976,-0.5995527759614891,-0.04262386349680668,0.3945749029360463,-0.7020326183676274,-0.057820868400542645,0.43411201503516045,-0.7930660764517098,-0.07061345864111511,0.17303908046814068,-0.46425481828811443,-0.0558975132311237,0.25812547657594725,-0.6729145467841227,-0.09101814865548292,0.306136070856775,-0.8129205427847328,-0.1233240190202631,0.3313254883963792,-0.9323287259849659,-0.1448674133204265,0.09745965370772862,-0.4437726651092279,-0.09156005219676236,0.1873042508476997,-0.5990332509364756,-0.1531420102935421,0.25259258343246144,-0.7280118687385556,-0.20635944013581628,0.293543538867804,-0.8476601266780012,-0.24045665600583832,0.028654272147766474,-0.375744684543399,-0.12438413547144392,0.17536368890408538,-0.41449554340633354,-0.1807352831845685,0.2385957859429187,-0.3259691563647462,-0.19812092935158893,0.26327312788524243,-0.233203174230768,-0.20813586259913855
3,0.0,0.0,0.0,0.10318316929353169,-0.07645038636542732,-0.06087855849171693,0.1692103153556118,-0.23928854486780807,-0.0745974414285024,0.09720987259544578,-0.3716182285656332,-0.07829524048838953,0.002060815226225919,-0.4290808235535339,-0.08237000385314645,0.13773747163794595,-0.4836030992289287,-0.04074273019058363,0.18791265643467037,-0.6813222873935417,-0.06291325841385086,0.2194348875849283,-0.8008273688247641,-0.08233866095727896,0.23880509174325976,-0.9127198985819838,-0.09817151857468362,0.05061690780621094,-0.5069168672249533,-0.04297347046799582,0.07223836331846059,-0.7329124900983864,-0.057562294339692927,0.08057971944498069,-0.8698815114090278,-0.08029714194468161,0.0796353773623344,-0.9920902602624547,-0.09703155241844434,-0.026301662358275208,-0.4721100546403228,-0.051857060392132684,-0.030563344695261143,-0.6556806042491531,-0.09454924490626616,-0.025234259480289362,-0.7948719694072964,-0.13995530282351365,-0.031785706306701085,-0.923765783012561,-0.17062744712658376,-0.0951169781928206,-0.38939217653110275,-0.06428072392701208,-0.06447144193542911,-0.48637314517291985,-0.11595674862337832,-0.025290262110274526,-0.4168579323922734,-0.12591546387553995,-0.010210511866631728,-0.33213936485779044,-0.127864024639154
3,0.0,0.0,0.0,0.10166272772362771,-0.013934588907107479,-0.07896517415570858,0.1726703729244708,-0.10130281305776113,-0.11845186757437573,0.08080396841003686,-0.16453891173566632,-0.14694317251420996,-0.024336428497863796,-0.21177101485403374,-0.18296557889336965,0.1694960779887944,-0.39211021236498167,-0.09857396357055238,0.255261456605798,-0.5738509185887601,-0.14311516037716357,0.30333723949372815,-0.6954843696937151,-0.17568920595218887,0.34111016274655875,-0.8143105137852579,-0.20063297618810497,0.07757317869100269,-0.44847776837542863,-0.1019145598909231,0.11981594364811016,-0.6712722936067155,-0.1369598415326412,0.13441135723841963,-0.8268226023799027,-0.17760618392924696,0.15024436252878,-0.9671200954229968,-0.20519588825640303,-0.006039511383725728,-0.43373965754153293,-0.1097130304220848,-0.009323418976611634,-0.6234286047964571,-0.17662467833622997,-0.009250404717021607,-0.7725445319432733,-0.24207792345745466,0.0002585161128609357,-0.9123122152652172,-0.2863289456245858,-0.08220497514983272,-0.3616060411899872,-0.12004671576490505,-0.0920038994920244,-0.3739489192380321,-0.20117355551254462,-0.07771176888248701,-0.26417124980183215,-0.22785433498410743,-0.05580005267778349,-0.1636028689277222,-0.2393021494774031
3,0.0,0.0,0.0,-0.11963136148827297,-0.01657738938040129,-0.07965418144979709,-0.23196991782166657,-0.1715080097651307,-0.09103042015440967,-0.20346237392511624,-0.3809255005551648,-0.09108499636879268,-0.13791512348578175,-0.5107476173756965,-0.09269960043879952,-0.34833846420429376,-0.3581657775215944,-0.012701904752386006,-0.4834629551321964,-0.4997783786835592,-0.02750508271952542,-0.5624934325183832,-0.5941500333461055,-0.04956254654855406,-0.6339552093482677,-0.6708858009073729,-0.07179064763929345,-0.2828062666899555,-0.4486865794313794,-0.009872641736414537,-0.4059966339224812,-0.6341010205172608,-0.020547528109687532,-0.48319252671348345,-0.7475867445376789,-0.05352286065204962,-0.548139981748367,-0.8327306940619402,-0.07811626959871527,-0.19947267478955408,-0.4817156175898505,-0.019707258015849913,-0.2892125219637149,-0.6774565150034789,-0.06796899737379934,-0.3640273565590482,-0.7810368901451732,-0.1328515834759956,-0.4355947285344285,-0.8766705565767424,-0.17762085466907152,-0.09540386593231118,-0.4774514459661734,-0.03474768103361753,-0.14418732534788337,-0.5696223030821348,-0.10330648302350329,-0.12026343455776549,-0.47511359940096626,-0.12943072201916142,-0.09107873370690812,-0.382686617889547,-0.143255391992327
3,0.0,0.0,0.0,-0.14080268349957525,-0.060763209390076775,-0.022851987630960052,-0.2522068564508052,-0.2646514841045255,-0.013810405632674983,-0.21724227994053547,-0.45902567472824596,-0.006432658790889228,-0.11798972674675247,-0.55067272169265,-0.004140117853520191,-0.23649113324471382,-0.39176534045848815,0.025263675102970957,-0.34559584465055954,-0.5633403574703838,0.025875829499636554,-0.4015869899202518,-0.6770820891881837,0.021170045929651948,-0.44724650951125217,-0.7824199765659865,0.007985392337324053,-0.15590141756256246,-0.4489463269898444,0.0033451419041726797,-0.23347014749809408,-0.6707145877805855,-0.00044893670627889554,-0.2837205371087179,-0.810009953175283,-0.02157706886677661,-0.32138893225589926,-0.9232582794187029,-0.040157333361656514,-0.06362576644859522,-0.463477164670361,-0.02630761659844909,-0.11018304860550295,-0.7030822037133668,-0.07675727616363585,-0.15722831590044312,-0.846255897198114,-0.1331439075636724,-0.1885445414485522,-0.9671887117148342,-0.17028491366340898,0.03889850176456997,-0.4432904383113034,-0.0544479606096351,-0.04488750882835623,-0.5681841248973089,-0.1234906563372207,-0.07981445271769867,-0.4585960743560143,-0.14320835905629023,-0.08687823504582805,-0.32978596245877356,-0.15402223012398938
3,0.0,0.0,0.0,-0.14041991796313763,-0.06257049866311366,-0.02589555500059848,-0.2514222237262687,-0.2917413493755635,-0.011447046357239081,-0.21338623736416154,-0.49321081511053916,0.00251023684787152,-0.10797410758277322,-0.5775764462057483,0.011133933432741498,-0.23283537268161678,-0.42026058254687276,0.031735218654587345,-0.3312632828624739,-0.5869951405263861,0.036095521940626575,-0.3847080761779337,-0.7006854376502027,0.030547664674692863,-0.4290794463671515,-0.8071908765631123,0.015932428483416756,-0.15051023774345249,-0.4740542219094746,0.012144292481759857,-0.2229817379435345,-0.6904063954353324,0.01389148430608958,-0.2676309039815653,-0.8289891369913607,-0.005559071293845036,-0.29696435818984035,-0.9412675162326583,-0.023503515365205337,-0.05654999978205691,-0.48087295561830007,-0.01625243626550573,-0.09729125595978921,-0.7163818712974201,-0.061572471365334315,-0.14392878488565064,-0.8556891163433284,-0.11746250585194472,-0.17106206618088754,-0.9728969196171279,-0.1555935516447566,0.043376071603819365,-0.4496393182232653,-0.04415904711557106,-0.03624215504454446,-0.5750187880180982,-0.11185743465042648,-0.06567749255608388,-0.46918735780002985,-0.13202966772139543,-0.06468532196683824,-0.35026749796523515,-0.14356741186436917
3,0.0,0.0,0.0,-0.13407334471486917,-0.07914921317678449,-0.02406699182926934,-0.23258299962656337,-0.3263180489393565,-0.004554354249114458,-0.1781797012113432,-0.5264570613643503,0.014420811588146263,-0.06705033081235584,-0.5964792210979908,0.02825991220631973,-0.20696280437804984,-0.44113311158724744,0.04390777160919969,-0.30038454545958815,-0.6166997273769724,0.05643239620162815,-0.3474550654179521,-0.7242507219585804,0.055599491773911054,-0.38627434551200013,-0.8260050961460063,0.04353162403240787,-0.12436831563337368,-0.4864678927947003,0.026830088438184907,-0.19053628238341874,-0.7049231720130729,0.03383416459206453,-0.2316039114038919,-0.837662726793285,0.0146569033821247,-0.25885740699140714,-0.9456461926567363,-0.0034272450800165045,-0.0320674040873121,-0.48773910470629983,0.0008712678460683967,-0.06948738941187663,-0.7208207773094779,-0.040742558502105834,-0.1169204159136098,-0.860165867507984,-0.09824742373886383,-0.14309572979427998,-0.9800564398790104,-0.13788758742657836,0.06525772828993583,-0.45691712871262363,-0.024352014079820742,-0.015739278716909645,-0.5929280228184649,-0.08858505990749863,-0.05045893175474677,-0.49157308875149125,-0.1094592295256039,-0.05045488996706599,-0.3765482712601668,-0.12205097479685616
3,0.0,0.0,0.0,-0.13128433079104984,-0.08103051151833507,-0.03307976158455341,-0.22214473479626623,-0.32735612564227184,-0.016271350086711288,-0.166124300755948,-0.5303871193340226,0.0011159594111324813,-0.0571052154609458,-0.5972246259035546,0.014546447735857601,-0.19844676172307,-0.45280270845780823,0.0367441787191651,-0.28491069234327504,-0.6297833704333854,0.04460965822512815,-0.329030926694401,-0.7436174570576136,0.04067053621393934,-0.3679600911287458,-0.8487022969639654,0.027267845674288506,-0.11486965379054595,-0.4968429868775625,0.02229838852688169,-0.17223693170931523,-0.7201315050576065,0.028156969847444376,-0.20933096966362516,-0.8598669020845379,0.010123869126970735,-0.23634104826636745,-0.9716417099107824,-0.007436159358551156,-0.02522568278261227,-0.4948843422690638,-0.002591433033287164,-0.04858039677112652,-0.721976970666698,-0.04378615158323011,-0.09065458640946127,-0.8633790352975673,-0.10164697644346121,-0.1156329572250376,-0.9803646263133277,-0.14181011593072151,0.06774280070973547,-0.45966844157166453,-0.028499626495761352,0.0037303577636525437,-0.5941137887529787,-0.09123986761322685,-0.03363994171905205,-0.4955883680302971,-0.1137263704710876,-0.04242323863528849,-0.37622588017193154,-0.12809533016455374
3,0.0,0.0,0.0,-0.1945068464568054,0.051548452152250075,-0.033649363254595624,-0.3760336617067098,-0.12987088538984667,-0.01961023617445811,-0.41939540642604484,-0.3614735160900078,-0.01018711171238353,-0.36277032613736565,-0.5221578457658904,-0.002760979642309888,-0.3505484020359605,-0.2624706732573317,0.07650097415984758,-0.4838682804349661,-0.3384821841151987,0.08928182278501652,-0.5725327384124735,-0.3963569581654047,0.08715061971443852,-0.6415220016312366,-0.45818970244123625,0.07450035195440001,-0.29524783536184457,-0.3788782316328261,0.06141562982644718,-0.42435990589082884,-0.5390410467114631,0.07863912207995996,-0.5082094030017156,-0.6333144659689627,0.07073714083946557,-0.5685450424614525,-0.7158276198398736,0.058498110543620446,-0.21362240893641954,-0.46481874142026114,0.03020756136959898,-0.3371200583582982,-0.67385044683335,-0.007724295236161293,-0.42721266555761533,-0.784171511272243,-0.06142694776896932,-0.48152844119311705,-0.8707510230477726,-0.09961433723809075,-0.12391947162034875,-0.5293168924065595,-0.0033343264589548263,-0.2700975461952974,-0.5812473302409333,-0.0691568875821904,-0.3025298292204763,-0.4589538760213026,-0.09866792928962376,-0.29192765382939967,-0.3309053595924398,-0.11862867806179804
3,0.0,0.0,0.0,-0.17080603575778652,0.0646951752685686,-0.0324258343193121,-0.3689988373754448,-0.04553998505932231,-0.0197899575522069,-0.4486810686942884,-0.25892566015209817,-0.009658456398545191,-0.43745499732560916,-0.4254485731153401,-0.004029908270695934,-0.4409131174360275,-0.1485651132800981,0.04100623775230355,-0.6301721787560491,-0.2081339157599182,0.039059684924585156,-0.743779421598238,-0.2539212079379468,0.02617264164349446,-0.8425648535836484,-0.2993521168979222,0.006543016593778067,-0.40024720297303895,-0.27980873810333634,0.020208687695786983,-0.5894062608786126,-0.4042896447670618,0.015199815414817784,-0.707423338283092,-0.4805340420911601,-0.01580567268778912,-0.8009587439204008,-0.5459887743842468,-0.04313921935035684,-0.3243754993117562,-0.37800760571898745,-0.011538625397518196,-0.4931938015544336,-0.5417989269456858,-0.06169558049993472,-0.6161172646239319,-0.6136522467189699,-0.12971700975578002,-0.7090358296283915,-0.6823006660367683,-0.17814037562821383,-0.2258008798248967,-0.44874641241361685,-0.044013108769897204,-0.36151305681156937,-0.4883785504995234,-0.1137606035852336,-0.36201236030185113,-0.374516355017646,-0.14304376446954636,-0.32609900362171823,-0.26911092126439173,-0.16304020409500625
3,0.0,0.0,0.0,-0.1598117213495859,-0.010212114317080695,-0.034107719822394994,-0.30319583532778066,-0.18572381221271242,-0.02837895032925996,-0.3330899612446892,-0.3935383053361729,-0.025126269925521857,-0.2907825294724788,-0.5413518531783881,-0.02426832734559643,-0.35760195284748053,-0.3275998889840592,0.03256292974600612,-0.49997484473709247,-0.458068401110158,0.025681733716139892,-0.5853176043106584,-0.5397221758287051,0.009398432434211812,-0.6592800268290877,-0.6144100191408148,-0.011872955897255073,-0.2932713787322008,-0.4214915814449832,0.015444342161892123,-0.42492871109147223,-0.5890638731864309,0.015235575664478541,-0.500494732585939,-0.694124623675329,-0.010124385059715527,-0.5607543399732419,-0.775563936921116,-0.03571144311271358,-0.20270021464712676,-0.47075743051597035,-0.013170620189923068,-0.3024951668887469,-0.6715787646428821,-0.05127948905598477,-0.37259578007596367,-0.7933713112615255,-0.10805844574823792,-0.42360083566594536,-0.8930233186550612,-0.15189366136022203,-0.1021813444333583,-0.48629112427955057,-0.04398479333907978,-0.20994699687753712,-0.569101894775296,-0.10372353493852439,-0.2502845832262061,-0.4887725478328786,-0.13370755389340197,-0.26586928452061176,-0.39683443496244253,-0.1562260527338376
